#,Produit,Marque,Catégorie,Nuit,Texture,Prix,Note,Avis,BSR,Actifs,Cibles,Types de peau,Moment,Fréquence,Grossesse,Peau sensible,Irritation(0-5),Force(1-5),Preuve(1-5),Sans parfum,Sentiment,Peau grasse,Peau sèche,Peau mixte,Peau sensible,Peau normale,Customers say,Image
1,CeraVe Foaming Facial Cleanser,CeraVe,nettoyant,,,15.97,4.8,102671,46,niacinamide/céramides,"flaking, pores, redness, shine","grasse, mixte, normale, seche, sensible",both,daily,ok,ok,0,2,4,oui,0.86,👍 oui,⚠️ prudence,👍 oui,👍 oui,👍 oui,"Customers find this facial cleanser effective, particularly for oily skin, and appreciate that it doesn't dry out their skin while leaving it smooth and hydrated. Moreover, the product is gentle, removes makeup well, and offers good value for money, with one customer noting it's a big savings compar…",https://yitigxyfibpqvhkrwuiz.supabase.co/storage/v1/object/public/product-images/001_B01N1LL62W.png
2,The Ordinary Squalane Cleanser,DECIEM,nettoyant,,,10.5,4.6,5888,2749,squalane,flaking,"normale, seche",both,daily,ok,ok,0,1,3,?,0.80,⚠️ prudence,👍 oui,👍 oui,👍 oui,👍 oui,"Customers find the cleanser effective at removing makeup and appreciate its gentle, creamy texture that feels like rubbing butter on the face, leaving skin feeling fresh and hydrated. The cleansing performance and value for money receive mixed reviews - while some praise its effectiveness and consid…",https://yitigxyfibpqvhkrwuiz.supabase.co/storage/v1/object/public/product-images/002_B07PSKR85S.png
3,Cetaphil Hydrating Gentle Skin Cleanser,Cetaphil,nettoyant,,,9.99,4.7,15274,265,doux,"flaking, redness","normale, seche, sensible",both,daily,ok,ok,0,1,3,oui,0.85,?,👍 oui,👍 oui,👍 oui,👍 oui,"Customers find this facial cleanser effective and gentle on skin, particularly noting its suitability for sensitive skin and its non-irritating properties. They appreciate its creamy texture that feels like silk, its fragrance-free formula, and consider the 20oz size a good value. While some custome…",https://yitigxyfibpqvhkrwuiz.supabase.co/storage/v1/object/public/product-images/003_B099N3NM61.png
4,CeraVe Hydrating Facial Cleanser,CeraVe,nettoyant,,,13.49,4.7,131467,35,céramides,"flaking, redness","normale, seche, sensible",both,daily,ok,ok,0,1,4,oui,0.88,⚠️ prudence,👍 oui,👍 oui,👍 oui,👍 oui,"Customers find this facial cleanser effective and moisturizing, leaving their skin feeling clean and hydrated with a soft, smooth texture. The product is gentle on sensitive and dry skin, and customers appreciate that it's fragrance-free. While some customers report that it removes all makeup easily…",https://yitigxyfibpqvhkrwuiz.supabase.co/storage/v1/object/public/product-images/004_B01MSSDEPK.png
5,Vanicream Gentle Facial Cleanser,Vanicream,nettoyant,,,9.97,4.7,34109,42,sans parfum,"flaking, redness","normale, seche, sensible",both,daily,ok,ok,0,1,3,oui,0.87,?,👍 oui,👍 oui,👍 oui,👍 oui,"Customers find this facial cleanser effective at removing makeup and appreciate its moisturizing properties, particularly noting it's good for dry skin and doesn't cause irritation. The product is gentle on the skin, leaving it feeling soft and clean, and customers like that it's fragrance-free. The…",https://yitigxyfibpqvhkrwuiz.supabase.co/storage/v1/object/public/product-images/005_B00QY1XZ4W.png
6,Neutrogena Hydro Boost Cleansing Gel,Johnson & Johnson,nettoyant,,,19.99,4.7,24707,40902,acide hyaluronique,flaking,"normale, seche",both,daily,ok,ok,0,1,4,non,0.85,👍 oui,👍 oui,👍 oui,👍 oui,👍 oui,"Customers find this facial cleanser effective at removing makeup while leaving skin moisturized, soft, and supple. The product is gentle enough for daily use, particularly suitable for sensitive skin, and customers report their skin looks healthy and clearer after use. They appreciate its pleasant s…",https://yitigxyfibpqvhkrwuiz.supabase.co/storage/v1/object/public/product-images/006_B01LETURZI.png
7,La Roche-Posay Effaclar Purifying Gel,La Roche Posay,nettoyant,,,18.73,4.7,54610,1609,zinc,"acne, shine","grasse, mixte",both,daily,ok,ok,0,2,3,?,0.82,👍 oui,⚠️ prudence,👍 oui,👍 oui,👍 oui,"Customers find this cleanser effective for oily and acne-prone skin, taking off makeup well without over-drying, and appreciate its gentle, baby-soft feel. The product foams up well and lasts a long time, with one customer noting it cleanses without stripping the skin. While some customers find it w…",https://yitigxyfibpqvhkrwuiz.supabase.co/storage/v1/object/public/product-images/007_B003JSEGNC.png
8,LRP Toleriane Hydrating Gentle Cleanser,La Roche-Posay,nettoyant,,,14.98,4.6,38786,47,céramides/niacinamide,"flaking, pores, redness, shine","grasse, mixte, normale, seche, sensible",both,daily,ok,ok,0,2,4,oui,0.85,?,👍 oui,👍 oui,👍 oui,👍 oui,"Customers find this face cleanser effective and gentle, leaving their face feeling clean and amazing. The product is moisturizing, doesn't dry skin, and is dermatologist-recommended, with a nearly scentless formula. Regarding makeup removal, while some say it thoroughly removes makeup, others report…",https://yitigxyfibpqvhkrwuiz.supabase.co/storage/v1/object/public/product-images/008_B01N7T7JKJ.png
9,Paula's Choice CLEAR Pore Normalizing Cleanser,Paula's Choice,nettoyant,,,16.78,4.6,6973,2921,acide salicylique,"acne, comedones, pores, shine","grasse, mixte",both,daily,⛔,⚠,1,3,5,oui,0.82,👍 oui,⚠️ prudence,👍 oui,👍 oui,👍 oui,"Customers find this facial cleanser effective at clearing skin and removing makeup and oil, while being gentle on the skin and leaving it moisturized without drying. The product receives positive feedback for its fragrance-free formula and easy application, with one customer noting it works well for…",https://yitigxyfibpqvhkrwuiz.supabase.co/storage/v1/object/public/product-images/009_B06ZYNQZKF.png
10,First Aid Beauty Ultra Gentle Cleanser,FIRST AID BEAUTY,nettoyant,,,12,4.6,2167,4171,avoine colloïdale,"flaking, redness","normale, seche, sensible",both,daily,ok,ok,0,1,3,oui,0.82,?,👍 oui,👍 oui,👍 oui,👍 oui,"Customers find this facial cleanser effective at removing makeup and clearing skin, while being gentle on sensitive skin and moisturizing throughout the day. The product receives positive feedback for its texture, with one customer describing it as having a light creamy feeling, and customers apprec…",https://yitigxyfibpqvhkrwuiz.supabase.co/storage/v1/object/public/product-images/010_B0FY763X7R.png
11,Bioderma Sébium Gel Moussant,Bioderma,nettoyant,,,13.99,4.6,21655,11165,zinc/cuivre,"acne, shine","grasse, mixte",both,daily,ok,ok,0,2,3,?,0.80,👍 oui,⚠️ prudence,👍 oui,👍 oui,👍 oui,"Customers find this facial cleanser effective, particularly for acne-prone skin, and appreciate that it doesn't leave skin feeling dry or oily. The product is gentle on sensitive skin and provides a soft, smooth feel. While some customers say it foams up nicely, others report it doesn't produce the …",https://yitigxyfibpqvhkrwuiz.supabase.co/storage/v1/object/public/product-images/011_B000TUNMW4.png
12,Krave Beauty Matcha Hemp Cleanser,KRAVEBEAUTY,nettoyant,,,12,4.6,822,6701,matcha,"flaking, redness, shine","grasse, mixte, normale, seche, sensible",both,daily,ok,ok,0,1,4,oui,0.85,👍 oui,👍 oui,👍 oui,👍 oui,👍 oui,"Customers find this cleanser effective, noting it cleans without stripping necessary oils and leaves skin feeling clean and hydrated. Moreover, the product is gentle on sensitive skin, lathers beautifully, and lasts for weeks or months. They appreciate that it's not strong-scented and consider it ex…",https://yitigxyfibpqvhkrwuiz.supabase.co/storage/v1/object/public/product-images/012_B0BZ9KMY3S.png
13,Fresh Soy Face Cleanser,Fresh,nettoyant,,,72,4.5,102,77100,doux,"flaking, redness","normale, seche, sensible",both,daily,ok,ok,0,1,3,?,0.78,?,?,👍 oui,👍 oui,👍 oui,"Customers find this face cleanser effective, with one mentioning it clears skin instantly. Moreover, they appreciate its gentle formula, particularly noting it's suitable for sensitive skin. However, opinions on value for money are mixed, with some saying it's worth the price while others find it sl…",https://yitigxyfibpqvhkrwuiz.supabase.co/storage/v1/object/public/product-images/013_B08GN1K8X6.png
14,Drunk Elephant Beste No.9 Jelly Cleanser,Drunk Elephant,nettoyant,,,36,4.7,2707,23249,doux,"flaking, redness","normale, seche, sensible",both,daily,ok,ok,0,1,3,?,0.82,👍 oui,👍 oui,👍 oui,👍 oui,👍 oui,"Customers find this cleanser effective at removing makeup and making their skin feel fresh and clean, with a soft, whipped texture that's gentle enough for twice-daily use. They appreciate that it's scentless, lasts a while, and is a regular part of their face washing routine. While some customers s…",https://yitigxyfibpqvhkrwuiz.supabase.co/storage/v1/object/public/product-images/014_B076639783.png
15,Youth To The People Superfood Cleanser,Youth To The People,nettoyant,,,27.3,4.6,10020,1201,antioxydants,"pores, shine","grasse, mixte",both,daily,ok,ok,0,2,3,?,0.80,⚠️ prudence,👍 oui,👍 oui,⚠️ prudence,👍 oui,"Customers find the facial cleanser effective and appreciate its moisturizing properties, particularly noting it's great for dry skin and doesn't dry out the face. The product receives positive feedback for its gentle, soft feel, lovely fragrance, and good lathering properties. While some customers s…",https://yitigxyfibpqvhkrwuiz.supabase.co/storage/v1/object/public/product-images/015_B018A0BO92.png
16,CeraVe Moisturizing Cream,CeraVe,hydratant,,,16.2,4.7,145069,41,céramides,"flaking, redness","normale, seche, sensible",both,daily,ok,ok,0,1,4,oui,0.90,⚠️ prudence,👍 oui,👍 oui,👍 oui,👍 oui,"Customers find this moisturizer effective, particularly for eczema and aging dry skin, and appreciate that it works well under makeup. The cream is non-greasy, leaving no residue or oily feeling, and has a silky texture that's not heavy. Customers report it's wonderful for sensitive skin, helps reli…",https://yitigxyfibpqvhkrwuiz.supabase.co/storage/v1/object/public/product-images/016_B00TTD9BRC.png
17,CeraVe PM Facial Moisturizing Lotion,CeraVe,hydratant,,,14.97,4.7,62188,61,niacinamide/céramides,"flaking, pores, redness, shine, tone_evenness","grasse, mixte, normale, seche, sensible",both,daily,ok,ok,0,2,4,oui,0.87,👍 oui,👍 oui,👍 oui,👍 oui,👍 oui,"Customers find this moisturizer effective and super hydrating, particularly noting it's good for oily and acne-prone skin. They appreciate its lightweight, non-greasy feel, and consider it great value for money. Regarding skin compatibility, while some customers say it doesn't irritate sensitive ski…",https://yitigxyfibpqvhkrwuiz.supabase.co/storage/v1/object/public/product-images/017_B00365DABC.png
18,Cetaphil Moisturizing Cream,Galderma,hydratant,,,8.35,4.8,39122,49,doux,"flaking, redness","normale, seche, sensible",both,daily,ok,ok,0,1,3,oui,0.86,⚠️ prudence,👍 oui,👍 oui,👍 oui,👍 oui,"Customers find this moisturizer works well for dry skin, keeping it hydrated throughout the day and being recommended by dermatologists. The product receives positive feedback for its texture, being creamy yet not heavy, and its non-greasy formula that absorbs well into the skin. Customers appreciat…",https://yitigxyfibpqvhkrwuiz.supabase.co/storage/v1/object/public/product-images/018_B00BMJTOZK.png
19,Vanicream Moisturizing Cream,Vanicream,hydratant,,,13.56,4.6,49307,150,sans parfum,"flaking, redness","normale, seche, sensible",both,daily,ok,ok,0,1,3,oui,0.88,⚠️ prudence,👍 oui,👍 oui,👍 oui,👍 oui,"Customers find this moisturizer effective, particularly for eczema and dry skin, and appreciate its non-greasy, silky texture that leaves skin soft. The product is fragrance-free and works well for sensitive skin, with one customer noting it's gentle enough for babies with eczema. While some custome…",https://yitigxyfibpqvhkrwuiz.supabase.co/storage/v1/object/public/product-images/019_B000NWGCZ2.png
20,Neutrogena Hydro Boost Water Gel,Kenvue,hydratant,,,24.99,4.6,88231,6909,acide hyaluronique,"fine_lines, flaking","mixte, normale, seche",both,daily,ok,ok,0,1,4,non,0.85,👍 oui,👍 oui,👍 oui,👍 oui,👍 oui,"Customers find this moisturizer hydrating and appreciate its lightweight, non-greasy formula that absorbs quickly into the skin. The texture leaves faces smooth, and customers consider it good value for money. Regarding skin compatibility, while some say it doesn't irritate their skin, others report…",https://yitigxyfibpqvhkrwuiz.supabase.co/storage/v1/object/public/product-images/020_B00NR1YQHM.png
21,LRP Toleriane Double Repair Moisturizer,La Roche-Posay,hydratant,,,18.75,4.6,49818,22,céramides/niacinamide,"flaking, pores, redness, shine, tone_evenness","grasse, mixte, normale, seche, sensible",both,daily,ok,ok,0,2,4,oui,0.87,👍 oui,👍 oui,👍 oui,👍 oui,👍 oui,"Customers find this moisturizer hydrating and appreciate its lightweight, non-greasy texture that feels soft on the skin. The product is particularly suitable for sensitive skin, as it doesn't irritate or cause breakouts, and customers consider it good value for money. They like that it's fragrance-…",https://yitigxyfibpqvhkrwuiz.supabase.co/storage/v1/object/public/product-images/021_B01N9SPQHQ.png
22,First Aid Beauty Ultra Repair Cream,FIRST AID BEAUTY,hydratant,,,29.4,4.6,18940,1662,avoine colloïdale,"flaking, redness","normale, seche, sensible",both,daily,ok,ok,0,1,3,?,0.85,⚠️ prudence,👍 oui,👍 oui,👍 oui,👍 oui,"Customers find this moisturizer effective for dry skin, noting it doesn't irritate sensitive skin and leaves it soft and smooth. The cream is non-greasy, with a mild scent, and customers report their skin looks plump and hydrated after use. While some customers consider it well worth the price, othe…",https://yitigxyfibpqvhkrwuiz.supabase.co/storage/v1/object/public/product-images/022_B0FY3Q2F2M.png
23,Paula's Choice CLEAR Oil-Free Moisturizer,Paula's Choice,hydratant,,,27.28,4.6,1991,7866,niacinamide,"pores, redness, shine, tone_evenness","grasse, mixte, sensible",both,daily,ok,ok,0,2,4,oui,0.82,👍 oui,⚠️ prudence,👍 oui,👍 oui,👍 oui,"Customers find this moisturizer effective for dehydrated combination skin and appreciate its lightweight formula that absorbs quickly. The product receives positive feedback for its texture and appearance, with one customer noting it creates a dewy, non-greasy look. While some customers say it doesn…",https://yitigxyfibpqvhkrwuiz.supabase.co/storage/v1/object/public/product-images/023_B07HZWXGJ7.png
24,Kiehl's Ultra Facial Cream,Kiehl's Since 1851,hydratant,,,50.4,4.7,7553,778,squalane,flaking,"normale, seche",both,daily,ok,ok,0,1,3,?,0.85,⚠️ prudence,👍 oui,👍 oui,👍 oui,👍 oui,"Customers find this moisturizer effective, noting it hydrates well and absorbs quickly without leaving a greasy feel. They appreciate its lightweight texture, silky smoothness, and how it works as a game-changer for dry skin, keeping it feeling good throughout the day. Customers like that it's fragr…",https://yitigxyfibpqvhkrwuiz.supabase.co/storage/v1/object/public/product-images/024_B00C6SV33M.png
25,Clinique Dramatically Different Moisturizing Gel,Clinique,hydratant,,,11.9,4.7,5024,3761,acide hyaluronique,"fine_lines, flaking","mixte, normale, seche",both,daily,ok,ok,0,1,4,oui,0.85,👍 oui,👍 oui,👍 oui,👍 oui,👍 oui,"Customers find this moisturizer effective, noting it works well for both dry and oily skin types, and appreciate that it doesn't leave a greasy feeling. The product is lightweight, soft, and absorbs quickly, making it suitable for sensitive skin, and customers like that it layers well under makeup. …",https://yitigxyfibpqvhkrwuiz.supabase.co/storage/v1/object/public/product-images/025_B000WZAL5M.png
26,Avène Tolerance Control Cream,Eau Thermale Avene,hydratant,,,26.6,4.6,2453,3456,barrière/postbiotique,"flaking, redness","normale, seche, sensible",both,daily,ok,ok,0,1,3,oui,0.87,?,👍 oui,👍 oui,👍 oui,👍 oui,"Customers find this skin cream hydrating and effective, particularly for dry patches and rosacea, with one noting it works almost immediately. They appreciate its suitability for sensitive and damaged skin, and its ability to alleviate redness and irritation. Customers describe the cream as soft, sm…",https://yitigxyfibpqvhkrwuiz.supabase.co/storage/v1/object/public/product-images/026_B08XYV3YGB.png
27,Belif Aqua Bomb (ex « True Cream Aqua Bomb »),LG HOUSEHOLD&HEALTHCARE LTD.,hydratant,,,16.8,4.7,1926,3819,acide hyaluronique,"fine_lines, flaking","mixte, normale, seche",both,daily,ok,ok,0,1,4,non,0.83,👍 oui,👍 oui,👍 oui,👍 oui,👍 oui,"Customers find this moisturizer effective at hydrating dry skin, with a smooth, non-greasy texture that feels light on the face. The product absorbs quickly into the skin and creates a cute dewy glow, with one customer noting it evens out their complexion. While many customers consider the price wor…",https://yitigxyfibpqvhkrwuiz.supabase.co/storage/v1/object/public/product-images/027_B0CRS3433N.png
28,Tatcha The Water Cream,Tatcha,hydratant,,,59.2,4.6,4673,6956,botaniques japonais,"flaking, radiance","normale, seche",both,daily,ok,ok,0,1,3,?,0.84,👍 oui,⚠️ prudence,👍 oui,👍 oui,👍 oui,"Customers find this moisturizer effective, particularly noting its suitability for oily skin and summer use. The cream receives positive feedback for its silky texture, lightweight feel, and ability to make skin look radiant with a dewy glow. Customers appreciate that it's gentle on sensitive skin a…",https://yitigxyfibpqvhkrwuiz.supabase.co/storage/v1/object/public/product-images/028_B072NNC2LR.png
29,Drunk Elephant Lala Retro Whipped Cream,Drunk Elephant,hydratant,,,52.8,4.4,2058,19679,céramides,"flaking, redness","normale, seche, sensible",both,daily,ok,ok,0,1,4,?,0.60,⚠️ prudence,👍 oui,👍 oui,⚠️ prudence,👍 oui,"Reconstruit depuis les avis : creme hydratante riche tres appreciee, ideale peau seche et en hiver, texture fouettee non grasse, parfum leger ou absent. Bemols : tres chere, une huile peut obstruer les pores (peau grasse), et de nombreux acheteurs signalent des contrefacons/colis abimes.",https://yitigxyfibpqvhkrwuiz.supabase.co/storage/v1/object/public/product-images/029_B01J1ZBJSG.png
30,Weleda Skin Food,Weleda,hydratant,,,15.99,4.5,35146,1529,baume riche,flaking,"normale, seche",both,daily,ok,ok,0,1,3,non,0.77,👎 non,👍 oui,⚠️ prudence,👍 oui,⚠️ prudence,"Customers find this moisturizer effective, particularly for dry skin and hands, and appreciate that it doesn't irritate sensitive skin. The texture receives mixed feedback - while some say it feels soft and luxurious, others find it heavy and sticky. The fragrance, thickness, and greasiness are also…",https://yitigxyfibpqvhkrwuiz.supabase.co/storage/v1/object/public/product-images/030_B000ORV3NC.png
31,CeraVe Hydrating Mineral Sunscreen SPF 30 (Face),CeraVe,spf,,,13.97,4.2,9198,8678,minéral,tone_evenness,tous,am,daily,ok,ok,0,1,3,oui,0.75,⚠️ prudence,👍 oui,👍 oui,👍 oui,👍 oui,"Customers find the sunscreen effective for sensitive skin protection and appreciate that it's dermatologist-recommended. The product receives mixed feedback regarding its texture - while some find it non-greasy and easy to apply, others mention it's tough to rub in. Moreover, customers disagree on t…",https://yitigxyfibpqvhkrwuiz.supabase.co/storage/v1/object/public/product-images/031_B07KL5K96X.png
32,Neutrogena Ultra Sheer Dry-Touch SPF 70,Kenvue,spf,,,9.88,4.5,38826,75,chimique,tone_evenness,tous,am,daily,ok,ok,0,1,3,non,0.78,👍 oui,⚠️ prudence,👍 oui,⚠️ prudence,👍 oui,"Customers find this sunscreen to be the best they've used, providing reliable protection and working well under makeup. The product is easy to apply and doesn't feel greasy or leave a white cast, though opinions on these aspects are mixed. Skin compatibility receives mixed feedback - while some say …",https://yitigxyfibpqvhkrwuiz.supabase.co/storage/v1/object/public/product-images/032_B005IHT94S.png
33,Beauty of Joseon Relief Sun SPF 50,Q.Z.Art,spf,,,8.99,4.3,146,58540,chimique léger,tone_evenness,tous,am,daily,ok,ok,0,1,3,oui,0.78,👍 oui,👍 oui,👍 oui,👍 oui,👍 oui,"Customers find the sunscreen effective, with one noting it's a great option for daily use. The product is hydrating, with one customer mentioning their skin feels smooth and hydrated after application, and they like its appearance, with one noting it works well under makeup. The texture receives pos…",https://yitigxyfibpqvhkrwuiz.supabase.co/storage/v1/object/public/product-images/033_B0CW1D1LS8.png
34,Black Girl Sunscreen SPF 30,BLACK GIRL SUNSCREEN,spf,,,9.99,4.7,8727,240,chimique (no white cast),tone_evenness,tous,am,daily,ok,ok,0,1,3,oui,0.85,⚠️ prudence,👍 oui,👍 oui,👍 oui,👍 oui,"Customers find this sunscreen effective and appreciate that it doesn't leave a white cast on dark skin. Moreover, the product is gentle on skin, works well under makeup, and provides a beautiful, all-day glow. Additionally, they like its smooth, non-greasy texture and moisturizing properties, with o…",https://yitigxyfibpqvhkrwuiz.supabase.co/storage/v1/object/public/product-images/034_B0CV9R8DTK.png
35,Vanicream Facial Moisturizer SPF 30,Pharmaceutical Specialties Inc.,spf,,,13.97,4.5,4150,876,minéral sans parfum,"flaking, redness, tone_evenness","normale, seche, sensible",am,daily,ok,ok,0,1,3,oui,0.78,⚠️ prudence,👍 oui,👍 oui,👍 oui,👍 oui,"Customers find the moisturizer effective for dry and sensitive skin, with good sun protection through mineral sunscreen. The texture receives mixed feedback - while some describe it as silky, others find it heavy and greasy. The absorption rate is also debated, with some saying it absorbs quickly wh…",https://yitigxyfibpqvhkrwuiz.supabase.co/storage/v1/object/public/product-images/035_B09VLLZM3N.png
36,LRP Anthelios Melt-in Milk SPF 60,La Roche-Posay,spf,,,28.49,4.6,14895,584,chimique,tone_evenness,tous,am,daily,ok,ok,0,1,3,?,0.82,👍 oui,👍 oui,👍 oui,👍 oui,👍 oui,"Customers find this sunscreen effective, particularly noting it works well under makeup and melts into the skin. The texture receives positive feedback for being silky and non-greasy, though some report it leaves a noticeable white cast. While some customers say it doesn't irritate their skin, other…",https://yitigxyfibpqvhkrwuiz.supabase.co/storage/v1/object/public/product-images/036_B002CML1VG.png
37,EltaMD UV Clear SPF 46,EltaMD,spf,,,45,4.5,69115,14,niacinamide (hybride),"pores, redness, shine, tone_evenness","grasse, mixte, sensible",am,daily,ok,ok,0,2,4,oui,0.86,👍 oui,⚠️ prudence,👍 oui,👍 oui,👍 oui,"Customers find this sunscreen excellent for sun protection, particularly noting its effectiveness for sensitive and acne-prone skin. The product applies smoothly, feels light on the face, and is not greasy or oily. While some customers say it's worth the price, others find it too expensive, and opin…",https://yitigxyfibpqvhkrwuiz.supabase.co/storage/v1/object/public/product-images/037_B002MSN3QQ.png
38,LRP Anthelios Tinted Mineral Sunscreen,La Roche Posay,spf,,,29.98,4.4,31521,205,minéral teinté,tone_evenness,tous,am,daily,ok,ok,0,1,3,oui,0.82,👍 oui,👍 oui,👍 oui,👍 oui,👍 oui,"Customers find this sunscreen provides reliable protection and appreciate its lightweight formula that's not heavy or greasy on the skin. Moreover, the product is gentle on sensitive and acne-prone skin, leaving it smooth and moisturized without clogging pores. However, the tint receives mixed feedb…",https://yitigxyfibpqvhkrwuiz.supabase.co/storage/v1/object/public/product-images/038_B0CZP6FLPK.png
39,EltaMD UV Daily Tinted SPF 40,EltaMD Skin Care,spf,,,33.25,4.6,43811,92,teinté,tone_evenness,tous,am,daily,ok,ok,0,1,3,?,0.85,⚠️ prudence,👍 oui,👍 oui,👍 oui,👍 oui,"Customers find this sunscreen effective at protecting their face and appreciate its lightweight, smooth application. The tinted moisturizer receives positive feedback for being very light and not leaving a white cast, while providing good hydration without making the skin oily or greasy. While some …",https://yitigxyfibpqvhkrwuiz.supabase.co/storage/v1/object/public/product-images/039_B00J5KDCO2.png
40,Supergoop! Unseen Sunscreen,Supergoop! LLC,spf,,,24.7,4.6,19185,291,chimique invisible,tone_evenness,tous,am,daily,ok,ok,0,1,3,?,0.83,👍 oui,⚠️ prudence,👍 oui,👍 oui,👍 oui,"Customers find this sunscreen provides excellent protection for fair skin and appreciate its smooth, silky texture that feels like a makeup primer. The product is lightweight, works well under makeup, and leaves no white cast. While many customers consider it worth the price, others feel it's too ex…",https://yitigxyfibpqvhkrwuiz.supabase.co/storage/v1/object/public/product-images/040_B0DPNL864S.png
41,ISDIN Eryfotona Actinica SPF 50,ISDIN,spf,,,51.1,4.6,5509,2780,minéral,tone_evenness,tous,am,daily,ok,ok,0,1,3,?,0.84,👍 oui,👍 oui,👍 oui,👍 oui,👍 oui,"Customers find this sunscreen effective, noting it works well as a primer under makeup and protects better than other products. The texture receives positive feedback for its smooth, non-tacky feel, and customers appreciate its moisturizing properties. The white cast and value for money receive mixe…",https://yitigxyfibpqvhkrwuiz.supabase.co/storage/v1/object/public/product-images/041_B07RXS4FQM.png
42,LRP Anthelios UV Hydra SPF 50,Factory ZAN - US FRANKLIN,spf,,,29.98,4.7,786,2594,chimique invisible,tone_evenness,tous,am,daily,ok,ok,0,1,3,?,0.86,👍 oui,👍 oui,👍 oui,👍 oui,👍 oui,"Customers find this sunscreen provides excellent protection and moisturizes skin well, with a silky smooth texture that doesn't leave a white cast. They appreciate its effectiveness, with one customer noting it works well for rosacea, and its non-irritating formula that's comfortable to wear. Custom…",https://yitigxyfibpqvhkrwuiz.supabase.co/storage/v1/object/public/product-images/042_B0CM4JVK6H.png
43,Garnier SkinActive Micellar Water,Garnier,démaquillant,,,8.35,4.7,73366,57,eau micellaire,flaking,"normale, seche",pm,daily,ok,ok,0,1,3,oui,0.84,👍 oui,👍 oui,👍 oui,👍 oui,👍 oui,"Customers find this micellar water effective at removing makeup, particularly eye makeup, while being gentle on the skin without causing stinging or irritation. The product leaves skin moisturized and is suitable for all skin types, with one customer noting it's better than makeup wipes. They apprec…",https://yitigxyfibpqvhkrwuiz.supabase.co/storage/v1/object/public/product-images/043_B017PCGABI.png
44,CeraVe Hydrating Foaming Oil Cleanser,CeraVe,démaquillant,,,15.99,4.6,5738,1499,huile/céramides,"flaking, redness","normale, seche, sensible",pm,daily,ok,ok,0,1,4,oui,0.86,👍 oui,👍 oui,👍 oui,👍 oui,👍 oui,"Customers find this cleanser effective at removing makeup and restoring moisture to dry skin, while being gentle and soft on the skin. They appreciate that it doesn't irritate sensitive skin and doesn't cause breakouts, with one customer noting it doesn't strip the skin barrier. The foaming action c…",https://yitigxyfibpqvhkrwuiz.supabase.co/storage/v1/object/public/product-images/044_B0C7J7CWBN.png
45,The INKEY List Oat Cleansing Balm,The INKEY List,démaquillant,,,13,4.2,4836,9535,baume avoine,"flaking, redness","normale, seche, sensible",pm,daily,ok,ok,0,1,3,?,0.84,⚠️ prudence,👍 oui,👍 oui,👍 oui,👍 oui,"Customers find the cleansing balm effective at removing makeup, including sunscreen and mascara, and appreciate that it's gentle on sensitive skin without causing breakouts or irritation. The product receives positive feedback for its quality and value for money, with customers noting it's perfect f…",https://yitigxyfibpqvhkrwuiz.supabase.co/storage/v1/object/public/product-images/045_B08GJ58Z6M.png
46,Bioderma Sensibio H2O,Bioderma,démaquillant,,,16.79,4.7,58326,146,eau micellaire,flaking,"normale, seche",pm,daily,ok,ok,0,1,3,?,0.87,👍 oui,👍 oui,👍 oui,👍 oui,👍 oui,"Customers find this micellar water effective at removing makeup, particularly waterproof mascara, and appreciate its gentle formula that's especially suitable for sensitive skin without causing irritation. The product leaves skin feeling fresh and moisturized, and customers find it easy to use. Whil…",https://yitigxyfibpqvhkrwuiz.supabase.co/storage/v1/object/public/product-images/046_B002XZLAWM.png
47,DHC Deep Cleansing Oil,DHC,démaquillant,,,16,4.6,24184,1055,huile d'olive,flaking,"normale, seche",pm,daily,ok,ok,0,1,3,oui,0.85,⚠️ prudence,👍 oui,👍 oui,👍 oui,👍 oui,"Customers find the cleansing oil effective at removing makeup and appreciate its moisturizing properties, noting it leaves skin soft and clean without drying. The product receives positive feedback for its gentleness, with customers describing it as silky and smooth. While some customers find the sc…",https://yitigxyfibpqvhkrwuiz.supabase.co/storage/v1/object/public/product-images/047_B001UE60E0.png
48,Heimish All Clean Balm,HEIMISH,démaquillant,,,12.99,4.6,5971,8755,baume,flaking,"normale, seche",pm,daily,ok,ok,0,1,3,oui,0.85,⚠️ prudence,👍 oui,👍 oui,👍 oui,👍 oui,"Customers find this cleansing balm effective at removing even waterproof mascara and appreciate its lovely mild scent. The product leaves skin clean, hydrated, and moisturized, while being gentle around the eyes and non-irritating for sensitive skin. Moreover, they praise its creamy texture and ease…",https://yitigxyfibpqvhkrwuiz.supabase.co/storage/v1/object/public/product-images/048_B01CJ639SM.png
49,Farmacy Green Clean Cleansing Balm,Farmacy Beauty,démaquillant,,,21.6,4.6,8529,2412,baume,flaking,"normale, seche",pm,daily,ok,ok,0,1,3,oui,0.84,⚠️ prudence,👍 oui,👍 oui,👍 oui,👍 oui,"Customers find the cleansing balm effective at removing makeup, particularly waterproof mascara, and appreciate its moisturizing properties that leave skin soft and clean. The product is gentle on eyes, doesn't irritate skin, and has a divine fragrance. While some customers consider it worth the pri…",https://yitigxyfibpqvhkrwuiz.supabase.co/storage/v1/object/public/product-images/049_B07CV28SSD.png
50,Clinique Take The Day Off Cleansing Balm,Clinique,démaquillant,,,15,4.7,6714,4373,baume,flaking,"normale, seche",pm,daily,ok,ok,0,1,3,oui,0.83,👍 oui,👍 oui,👍 oui,👍 oui,👍 oui,"Customers find this cleansing balm effective at removing makeup and appreciate its gentle, non-irritating formula that leaves skin soft and smooth. The product has a neutral scent and comes in convenient travel-sized containers. While some customers consider it worth the price, others find it not wo…",https://yitigxyfibpqvhkrwuiz.supabase.co/storage/v1/object/public/product-images/050_B07F1LRBCF.png
51,Then I Met You Living Cleansing Balm,Soko,démaquillant,,,29.25,4.5,601,15784,baume,flaking,"normale, seche",pm,daily,ok,ok,0,1,3,oui,0.83,⚠️ prudence,👍 oui,👍 oui,👍 oui,👍 oui,"Customers find the cleansing balm extremely effective at removing makeup, particularly eye and face makeup, and appreciate its double cleansing capabilities. The product receives positive feedback for its moisturizing properties, leaving skin feeling soft and refreshed, and its silky, buttery textur…",https://yitigxyfibpqvhkrwuiz.supabase.co/storage/v1/object/public/product-images/051_B0B5W7KRWL.png
52,The Ordinary Salicylic Acid 2% Solution,DECIEM,exfoliant,,,6.7,4.7,10914,231,BHA,"acne, comedones, fine_lines, flaking, pores, shine","grasse, mixte, normale, seche",pm,3x/sem,⛔,⚠,2,3,5,?,0.83,👍 oui,⚠️ prudence,👍 oui,⚠️ prudence,👍 oui,"Customers find the salicylic acid solution effective for acne and sebaceous filaments, while also appreciating its quality and value for money. The product makes skin smooth and feels great after use, with customers noting it promotes a healthy skin glow and makes their face look clearer. While some…",https://yitigxyfibpqvhkrwuiz.supabase.co/storage/v1/object/public/product-images/052_B0C3PCJ6SD.png
53,COSRX BHA Blackhead Power Liquid,COSRX Inc.,exfoliant,,,13.99,4.5,4259,4322,BHA,"acne, comedones, fine_lines, flaking, pores, shine","grasse, mixte, normale, seche",pm,3x/sem,⛔,⚠,2,3,5,oui,0.84,👍 oui,👍 oui,👍 oui,👍 oui,👍 oui,"Customers find the toner effective and appreciate its gentle formula that doesn't burn or tingle, with one noting it's suitable for sensitive skin. The product makes skin feel smoother and more soft, and customers like that it has virtually no scent. Regarding consistency, while some say it soaks in…",https://yitigxyfibpqvhkrwuiz.supabase.co/storage/v1/object/public/product-images/053_B00OZEJ8R8.png
54,Stridex Maximum Strength Pads,BLISTEX INC,exfoliant,,,4.68,4.7,9650,963,BHA 2%,"acne, comedones, fine_lines, flaking, pores, shine","grasse, mixte, normale, seche",pm,3x/sem,⛔,⚠,2,3,5,non,0.82,👍 oui,⚠️ prudence,👍 oui,⚠️ prudence,👍 oui,"Customers find these acne pads effective at clearing skin and controlling oily skin, while also appreciating their smooth texture and gentle application that takes less than a minute. The product receives positive feedback for its quality container and value for money. Opinions are mixed regarding d…",https://yitigxyfibpqvhkrwuiz.supabase.co/storage/v1/object/public/product-images/054_B000O1KP1O.png
55,Paula's Choice 2% BHA Liquid Exfoliant,Paulas Choice,exfoliant,,,25.9,4.5,114871,59,BHA,"acne, comedones, fine_lines, flaking, pores, shine","grasse, mixte, normale, seche",pm,3x/sem,⛔,⚠,2,3,5,oui,0.86,👍 oui,👍 oui,👍 oui,👍 oui,👍 oui,"Customers report that the exfoliant works wonders, transforming their skin and keeping it clear, while making it feel smooth and improving texture. The product helps even skin tone and reduces redness. Regarding moisturizing and value for money, opinions are mixed - while some find it moisturizing a…",https://yitigxyfibpqvhkrwuiz.supabase.co/storage/v1/object/public/product-images/055_B00949CTQQ.png
56,Naturium BHA Liquid Exfoliant 2%,Naturium,exfoliant,,,14.44,4.4,3211,10338,BHA encapsulé,"acne, comedones, fine_lines, flaking, pores, shine","grasse, mixte, normale, seche",pm,3x/sem,⛔,⚠,2,3,5,oui,0.83,👍 oui,👍 oui,👍 oui,👍 oui,👍 oui,"Customers find the exfoliant effective, particularly for combination skin, and report that it leaves their face feeling hydrated and smooth. The product receives positive feedback for its price point and ability to even out skin tone and texture, with customers noting a glowing appearance. Regarding…",https://yitigxyfibpqvhkrwuiz.supabase.co/storage/v1/object/public/product-images/056_B08881VH6J.png
57,The Ordinary Glycolic Acid 7% Toning,DECIEM,exfoliant,,,13.5,4.7,54390,6,AHA glycolique,"fine_lines, flaking, radiance, texture, tone_evenness","mixte, normale, seche",pm,1-2x/sem,ok,⚠,3,3,4,?,0.83,👍 oui,⚠️ prudence,👍 oui,⚠️ prudence,👍 oui,"Customers find this toner effective as a chemical exfoliant that delivers visible results, with many noting it's better than pharmaceutical-grade alternatives. The toner improves skin appearance by lightening hyperpigmentation and making it clearer, while also making it smoother and more hydrated. M…",https://yitigxyfibpqvhkrwuiz.supabase.co/storage/v1/object/public/product-images/057_B071914GGL.png
58,The Ordinary Lactic Acid 10% + HA,DECIEM,exfoliant,,,9.2,4.6,7772,4267,AHA lactique,"fine_lines, flaking, radiance, texture, tone_evenness","mixte, normale, seche",pm,1-2x/sem,ok,⚠,3,3,4,oui,0.83,👍 oui,👍 oui,👍 oui,⚠️ prudence,👍 oui,"Customers find the lactic acid serum effective at exfoliating and transforming their skin, making it smooth and clear with a glowing appearance. The product quickly absorbs into the skin and is considered a great addition to skincare routines, with one customer noting it can be used daily or every o…",https://yitigxyfibpqvhkrwuiz.supabase.co/storage/v1/object/public/product-images/058_B07NDNPCKW.png
59,The Ordinary Mandelic Acid 10% + HA,DECIEM,exfoliant,,,7.8,4.6,4345,3875,AHA mandélique,"acne, fine_lines, flaking, post_acne_marks, radiance, texture, tone_evenness","grasse, mixte, normale, seche",pm,1-2x/sem,ok,⚠,3,3,4,?,0.84,👍 oui,👍 oui,👍 oui,👍 oui,👍 oui,"Customers find the serum effective for sensitive skin, particularly for cystic acne, and appreciate its gentle formula that doesn't cause irritation. The product helps with skin appearance, making it clearer and brighter, with dark spots lightening and skin tone becoming more even. While customers l…",https://yitigxyfibpqvhkrwuiz.supabase.co/storage/v1/object/public/product-images/059_B07BGJMNYL.png
60,Pixi Glow Tonic,Pixi,exfoliant,,,29,4.6,5730,15886,AHA glycolique 5%,"fine_lines, flaking, radiance, texture, tone_evenness","mixte, normale, seche",pm,1-2x/sem,ok,⚠,3,3,4,oui,0.83,👍 oui,👍 oui,👍 oui,👍 oui,👍 oui,"Customers find the toner works wonders on their skin, providing a nice balanced glow from chin to forehead. The product is gentle on skin, particularly suitable for normal/dry skin, and customers appreciate its hydrating properties without causing dryness or peeling. They like its fragrance and repo…",https://yitigxyfibpqvhkrwuiz.supabase.co/storage/v1/object/public/product-images/060_B00KH6QX08.png
61,Good Molecules Mandelic Acid Serum,"Good Molecules, LLC",exfoliant,,,9.99,4.6,903,58820,AHA mandélique,"acne, fine_lines, flaking, post_acne_marks, radiance, texture, tone_evenness","grasse, mixte, normale, seche",pm,1-2x/sem,ok,⚠,3,3,4,oui,0.83,👍 oui,👍 oui,👍 oui,👍 oui,👍 oui,"Customers find the serum effective for acne-prone skin and appreciate its gentle formula for sensitive skin. Moreover, the product receives positive feedback for its texture, with customers noting smoother, glassy results without irritation, and its ability to brighten and even skin tone while reduc…",https://yitigxyfibpqvhkrwuiz.supabase.co/storage/v1/object/public/product-images/061_B0D6TWLB6T.png
62,Paula's Choice 8% AHA Gel Exfoliant,Paula's Choice,exfoliant,,,37,4.4,3693,23692,AHA glycolique,"fine_lines, flaking, radiance, texture, tone_evenness","mixte, normale, seche",pm,1-2x/sem,ok,⚠,3,3,4,oui,0.81,👍 oui,👍 oui,👍 oui,⚠️ prudence,👍 oui,"Customers report that the exfoliant works wonders for their skin, making it feel smooth and supple throughout the day, with brighter and clearer appearance. The product receives mixed feedback regarding skin irritation and sensitivity - while some find it gentle and non-irritating, others report sev…",https://yitigxyfibpqvhkrwuiz.supabase.co/storage/v1/object/public/product-images/062_B00949CO66.png
63,Drunk Elephant T.L.C. Framboos,Drunk Elephant,exfoliant,,,90,4.5,1208,58589,AHA/BHA,"acne, comedones, fine_lines, flaking, pores, radiance, shine, texture, tone_evenness","grasse, mixte, normale, seche",pm,1-2x/sem,⛔,⚠,3,3,5,?,0.82,👍 oui,👍 oui,👍 oui,⚠️ prudence,👍 oui,"Customers find the serum effective as a mild chemical exfoliator and appreciate its ability to fade acne scars and hyperpigmentation, making their skin more vibrant and glowy. The product receives positive feedback for its softening effects, with one customer noting it's gentle enough to leave on ov…",https://yitigxyfibpqvhkrwuiz.supabase.co/storage/v1/object/public/product-images/063_B00L3LDDD6.png
64,Sunday Riley Good Genes Lactic Acid,Sunday Riley,exfoliant,,,51,4.6,3252,5753,AHA lactique,"fine_lines, flaking, radiance, texture, tone_evenness","mixte, normale, seche",pm,1-2x/sem,ok,⚠,3,3,4,oui,0.84,👍 oui,👍 oui,👍 oui,⚠️ prudence,👍 oui,"Customers report that the treatment serum makes their skin look and feel healthier, with immediate brightening effects and smooth texture. Moreover, the product effectively moisturizes without leaving an oily residue, and one customer notes it gently exfoliates without irritation. However, customers…",https://yitigxyfibpqvhkrwuiz.supabase.co/storage/v1/object/public/product-images/064_B0037LRZHA.png
65,Cetaphil Extra Gentle Daily Scrub,Galderma,exfoliant,,,13.66,4.6,9211,3303,mécanique doux,"flaking, redness","normale, seche, sensible",pm,3x/sem,ok,ok,0,1,3,non,0.82,👍 oui,👍 oui,👍 oui,👍 oui,👍 oui,"Customers find the face wash effective at exfoliating and cleaning while being gentle enough for sensitive skin, with a creamy texture and micro-fine granules. The product receives positive feedback for its effectiveness and value for money. However, the fragrance receives mixed reactions, with some…",https://yitigxyfibpqvhkrwuiz.supabase.co/storage/v1/object/public/product-images/065_B077FZ112C.png
66,St. Ives Gentle Smoothing Oatmeal Scrub & Mask,St. Ives,exfoliant,,,9.99,4.6,5731,107902,"avoine, gommage doux","flaking, radiance, redness, texture","normale, seche, sensible",pm,3x/sem,ok,⚠,1,2,3,non,0.80,👍 oui,👍 oui,👍 oui,⚠️ prudence,👍 oui,"Customers find this face scrub effective at exfoliating and moisturizing dry skin, with one noting it helped lighten acne scars. The product is gentle enough for sensitive skin, leaving it smooth and soft, and customers appreciate its divine fragrance and good value for money. While some customers s…",https://yitigxyfibpqvhkrwuiz.supabase.co/storage/v1/object/public/product-images/066_B00GTC1H5U.png
67,Dermalogica Daily Microfoliant,Dermalogica,exfoliant,,,69,4.7,3674,7745,enzymatique (riz),"radiance, texture",tous,pm,3x/sem,ok,ok,1,2,3,?,0.85,👍 oui,👍 oui,👍 oui,👍 oui,👍 oui,"Customers find the exfoliant effective at managing surface acne and hyperpigmentation, while being gentle enough for sensitive skin and suitable for daily use. The product makes skin smooth and bright, with one customer noting immediate texture improvement after one use, and customers appreciate its…",https://yitigxyfibpqvhkrwuiz.supabase.co/storage/v1/object/public/product-images/067_B071ZBJPH7.png
68,Tatcha The Rice Polish,Tatcha,exfoliant,,,48.28,4.7,725,21822,enzymatique,"radiance, texture",tous,pm,3x/sem,ok,ok,1,2,3,?,0.83,👍 oui,👍 oui,👍 oui,👍 oui,👍 oui,"Customers find the exfoliant effective at removing dead skin and making their face feel fresh and smooth, particularly noting it's gentle on sensitive skin. Moreover, the product foams well and lasts a while. However, opinions about value for money are mixed, with some finding it worth the price whi…",https://yitigxyfibpqvhkrwuiz.supabase.co/storage/v1/object/public/product-images/068_B092MTC96K.png
69,Pixi Peel & Polish,Pixi,exfoliant,,,21,4.5,166,116624,enzymatique (fruits),"radiance, texture",tous,pm,3x/sem,ok,ok,1,2,3,oui,0.80,👍 oui,👍 oui,👍 oui,👍 oui,👍 oui,"Customers find the exfoliant effective for dry skin, with one noting it doesn't cause irritation. The product receives positive feedback for its texture, with one customer describing it as making skin feel like silk, while another mentions it leaves a subtle glow.",https://yitigxyfibpqvhkrwuiz.supabase.co/storage/v1/object/public/product-images/069_B09SGR2F3S.png
70,The Ordinary Niacinamide 10% + Zinc 1%,DECIEM,serum,,,6,4.7,58745,37,niacinamide,"pores, redness, shine, tone_evenness","grasse, mixte, sensible",both,3x/sem,ok,ok,0,2,4,?,0.84,👍 oui,👍 oui,👍 oui,👍 oui,👍 oui,"Customers find the serum effective at brightening, clearing, and reducing redness, while also being good for oily skin and working well with makeup. Moreover, the product receives positive feedback for its value, smooth texture, and moisturizing properties, with one customer noting it holds 1000X mo…",https://yitigxyfibpqvhkrwuiz.supabase.co/storage/v1/object/public/product-images/070_B01MDTVZTZ.png
71,Paula's Choice BOOST 10% Niacinamide,Paula's Choice,serum,,,34.3,4.5,1514,15330,niacinamide,"pores, redness, shine, tone_evenness","grasse, mixte, sensible",both,3x/sem,ok,ok,0,2,4,oui,0.82,👍 oui,👍 oui,👍 oui,⚠️ prudence,👍 oui,"Customers report that the serum delivers on its promise to shrink pores and help with melasma, while also improving skin tone and making it look better. The product receives positive feedback for its effectiveness as one of the best niacinamide products, and customers appreciate its smoother texture…",https://yitigxyfibpqvhkrwuiz.supabase.co/storage/v1/object/public/product-images/071_B01GF1EOB8.png
72,Beauty of Joseon Glow Serum (Propolis/Niacinamide),Beauty of Joseon,serum,,,11.9,4.6,1450,2778,niacinamide/propolis,"acne, pores, radiance, redness, shine, tone_evenness","grasse, mixte, sensible",both,3x/sem,ok,ok,0,2,4,oui,0.84,👍 oui,👍 oui,👍 oui,👍 oui,👍 oui,"Customers find this serum effective as an addition to their skincare routine, noting its ability to add a perfect amount of glow and even out skin tone. The product receives positive feedback for its moisturizing properties, with one customer mentioning it's great for locking in moisture in the morn…",https://yitigxyfibpqvhkrwuiz.supabase.co/storage/v1/object/public/product-images/072_B0F8LBX37X.png
73,Maelove The Glow Maker,MAELOVE,serum,,,31.9,4.4,1179,3598,vit C (L-AA 15%),"dark_spots, fine_lines, radiance, tone_evenness","mixte, normale, seche",both,3x/sem,ok,⚠,1,3,4,oui,0.85,👍 oui,👍 oui,👍 oui,👍 oui,👍 oui,"Customers find this vitamin C serum effective at brightening and even skin tone, while also hydrating and smoothing their complexion. The product receives positive feedback for its quality, gentle texture, and ability to fade dark spots, with one customer noting it helps keep hyperpigmentation and f…",https://yitigxyfibpqvhkrwuiz.supabase.co/storage/v1/object/public/product-images/073_B0CWN226NC.png
74,Timeless 20% Vitamin C + E + Ferulic,Timeless Skin Care,serum,,,16.17,4.3,13022,406,vit C,"dark_spots, fine_lines, radiance, tone_evenness","mixte, normale, seche",both,3x/sem,ok,⚠,1,3,4,oui,0.84,👍 oui,👍 oui,👍 oui,⚠️ prudence,👍 oui,"Customers find this Vitamin C serum effective, noting it works well under moisturizer and under makeup, with noticeable improvements in skin tone and a healthy glow. The product receives positive feedback for its value, with one customer mentioning it works well with Retin A. While some customers re…",https://yitigxyfibpqvhkrwuiz.supabase.co/storage/v1/object/public/product-images/074_B0036BI56G.png
75,Naturium Vitamin C Complex,Naturium,serum,,,15.95,4.6,8070,1028,vit C,"dark_spots, fine_lines, radiance, tone_evenness","mixte, normale, seche",both,3x/sem,ok,⚠,1,3,4,oui,0.83,⚠️ prudence,👍 oui,👍 oui,👍 oui,👍 oui,"Customers find this Vitamin C serum to be a high-quality product that works well with other skincare products and shows immediate results. The serum improves skin appearance by brightening and evening out tone, while keeping it soft and hydrated with a light oil-like texture. While some customers re…",https://yitigxyfibpqvhkrwuiz.supabase.co/storage/v1/object/public/product-images/075_B07Y469VXX.png
76,TruSkin Vitamin C Serum,TruSkin Naturals,serum,,,14.99,4.4,155664,221,vit C,"dark_spots, fine_lines, radiance, tone_evenness","mixte, normale, seche",both,3x/sem,ok,⚠,1,3,4,oui,0.84,👍 oui,⚠️ prudence,👍 oui,👍 oui,👍 oui,"Customers find this vitamin C serum to be a fabulous product that delivers visible improvements in skin texture and appearance. The serum works quickly and helps fade dark spots, with customers noting their skin looks more radiant and youthful with a beautiful glow. While some customers report their…",https://yitigxyfibpqvhkrwuiz.supabase.co/storage/v1/object/public/product-images/076_B01M4MCUAF.png
77,The Ordinary Azelaic Acid 10%,DECIEM,serum,,,12.2,4.5,7357,77,azélaïque,"acne, dark_spots, post_acne_marks, redness, tone_evenness","grasse, mixte, normale, seche, sensible",both,3x/sem,ok,ok,1,3,4,?,0.85,👍 oui,👍 oui,👍 oui,👍 oui,👍 oui,"Customers report positive results with this skin moisturizer, noting it helps with perioral dermatitis, rosacea, and hyperpigmentation, while reducing redness on cheeks and improving skin tone. The product receives positive feedback for its texture, being velvety smooth and leaving the face soft, an…",https://yitigxyfibpqvhkrwuiz.supabase.co/storage/v1/object/public/product-images/077_B06WD5J8KY.png
78,Paula's Choice BOOST 10% Azelaic Acid,Paula's Choice,serum,,,39,4.3,6168,1511,azélaïque,"acne, dark_spots, post_acne_marks, redness, tone_evenness","grasse, mixte, normale, seche, sensible",both,3x/sem,ok,ok,1,3,4,oui,0.85,👍 oui,👍 oui,👍 oui,👍 oui,👍 oui,"Customers find the serum effective at reducing pimples and perioral dermatitis, while also improving skin tone by evening it out and fading dark spots. Moreover, the product receives positive feedback for its quality and texture, with customers noting it feels smooth on the skin. However, customers …",https://yitigxyfibpqvhkrwuiz.supabase.co/storage/v1/object/public/product-images/078_B00V4PNAI4.png
79,The Ordinary Hyaluronic Acid 2% + B5,The Ordinary,serum,,,9.9,4.7,37345,34,acide hyaluronique,"fine_lines, flaking","mixte, normale, seche",both,3x/sem,ok,ok,0,1,4,?,0.85,👍 oui,👍 oui,👍 oui,👍 oui,👍 oui,"Customers find this hyaluronic acid serum to be better quality than name-brand products, with excellent moisturizing properties that hydrate and make skin look smooth. The serum works well under moisturizer and makeup, and customers appreciate its quick absorption without leaving a sticky feeling. T…",https://yitigxyfibpqvhkrwuiz.supabase.co/storage/v1/object/public/product-images/079_B01MYEZPC8.png
80,La Roche-Posay Hyalu B5 Serum,La Roche-Posay,serum,,,28.47,4.6,35477,357,HA/madécassoside,"fine_lines, flaking, redness","mixte, normale, seche, sensible",both,3x/sem,ok,ok,0,1,4,?,0.86,👍 oui,👍 oui,👍 oui,👍 oui,👍 oui,"Customers find the serum effective at hydrating and plumping skin, with one noting results within a couple of days. The product receives positive feedback for its silky texture, glowing appearance, and ability to even skin tone out, while also being gentle enough for sensitive skin. The fragrance re…",https://yitigxyfibpqvhkrwuiz.supabase.co/storage/v1/object/public/product-images/080_B075VX4QVM.png
81,Vichy Minéral 89,Vichy,serum,,,22.49,4.6,46978,2291,acide hyaluronique,"fine_lines, flaking","mixte, normale, seche",both,3x/sem,ok,ok,0,1,4,oui,0.85,👍 oui,👍 oui,👍 oui,👍 oui,👍 oui,"Customers find this hyaluronic acid serum effective, noting it delivers results within days and works well under makeup. Moreover, the product receives positive feedback for its moisturizing properties, particularly for oily skin, and its silky smooth texture that absorbs quickly without feeling sti…",https://yitigxyfibpqvhkrwuiz.supabase.co/storage/v1/object/public/product-images/081_B06XC5PQGL.png
82,Drunk Elephant B-Hydra,Drunk Elephant,serum,,,54,4.6,2461,25285,HA/pro-vit B5,"fine_lines, flaking, redness","mixte, normale, seche, sensible",both,3x/sem,ok,ok,0,1,4,?,0.82,👍 oui,👍 oui,👍 oui,👍 oui,👍 oui,"Customers find the serum effective at keeping skin moist and shiny, with a smooth, non-greasy texture that makes it feel good. The product receives positive feedback for its appearance, with one customer noting it makes their face look brighter and smoother. The pump functionality and fragrance rece…",https://yitigxyfibpqvhkrwuiz.supabase.co/storage/v1/object/public/product-images/082_B01B9OEDKS.png
83,Purito Centella Unscented Serum,HINATURE Inc,serum,,,27.99,4.5,2482,185097,centella,"flaking, redness","normale, seche, sensible",both,3x/sem,ok,ok,0,1,3,oui,0.85,👍 oui,👍 oui,👍 oui,👍 oui,👍 oui,"Customers find this serum effective for various skin types, including sensitive, oily, and acne-prone skin, and appreciate its ability to rebuild the skin barrier and smooth out scars. Moreover, the serum keeps skin moisturized, feels gentle without being sticky, and is fragrance-free. Additionally,…",https://yitigxyfibpqvhkrwuiz.supabase.co/storage/v1/object/public/product-images/083_B081ZQFNBK.png
84,La Roche-Posay Cicaplast Baume B5,La Roche-Posay,serum,,,14.23,4.7,21446,68,panthénol/madécassoside,"flaking, redness","normale, seche, sensible",both,3x/sem,ok,ok,0,1,3,oui,0.86,👍 oui,👍 oui,👍 oui,👍 oui,👍 oui,"Customers find this moisturizer effective for skin barrier repair and appreciate its light texture that doesn't feel heavy or greasy. The product soothes and calms skin, with one customer noting it helps with eczema, and they report no breakouts or irritations. They like its compatibility with sensi…",https://yitigxyfibpqvhkrwuiz.supabase.co/storage/v1/object/public/product-images/084_B0060OUV5Y.png
85,Dr. Jart+ Cicapair Serum,Dr.Jart+,serum,,,43.2,4.5,165,36455,centella,"flaking, redness","normale, seche, sensible",both,3x/sem,ok,ok,0,1,3,?,0.82,?,👍 oui,👍 oui,👍 oui,👍 oui,"Customers find the serum effective at moisturizing and repairing skin, with one mentioning it helps with rosacea. The product feels gentle on sensitive skin, and customers consider it a great product.",https://yitigxyfibpqvhkrwuiz.supabase.co/storage/v1/object/public/product-images/085_B0D2GPJF6H.png
86,The Ordinary Multi-Peptide + HA (« Buffet »),DECIEM,serum,,,19.9,4.7,2522,1534,peptides,"fine_lines, wrinkles","mixte, normale, seche",both,3x/sem,ok,ok,0,2,3,?,0.81,👍 oui,👍 oui,👍 oui,⚠️ prudence,👍 oui,"Customers find the serum effective for mature skin, with quick results and improved appearance. They appreciate its hydrating properties, smooth texture, and non-greasy formula, while also considering it affordable. Regarding skin irritation, opinions are mixed - some customers report it doesn't irr…",https://yitigxyfibpqvhkrwuiz.supabase.co/storage/v1/object/public/product-images/086_B0BLHW7JZM.png
87,Naturium Multi-Peptide Advanced Serum,Naturium,serum,,,18.99,4.6,976,4229,peptides,"fine_lines, wrinkles","mixte, normale, seche",both,3x/sem,ok,ok,0,2,3,oui,0.83,👍 oui,👍 oui,👍 oui,👍 oui,👍 oui,"Customers find the serum effective at reducing forehead wrinkles and making skin noticeably brighter and plumper. They appreciate its hydrating properties, with one customer noting it delivers results without overwhelming the skin. The serum receives positive feedback for its texture, with customers…",https://yitigxyfibpqvhkrwuiz.supabase.co/storage/v1/object/public/product-images/087_B0CQTSM65J.png
88,The Ordinary Alpha Arbutin 2% + HA,DECIEM,serum,,,11.5,4.5,7108,1238,arbutine,"dark_spots, tone_evenness","mixte, normale, seche",both,3x/sem,ok,ok,0,2,3,?,0.83,👍 oui,👍 oui,👍 oui,👍 oui,👍 oui,"Customers find the serum effective at fading dark spots and making skin brighter, while also appreciating its hydrating properties and smooth texture. Moreover, the product receives positive feedback for its quality and value for money. However, experiences with skin irritation are mixed, with some …",https://yitigxyfibpqvhkrwuiz.supabase.co/storage/v1/object/public/product-images/088_B06XCZFCFZ.png
89,Good Molecules Discoloration Correcting Serum,Good Molecules,serum,,,11.94,4.4,15192,487,ac. tranexamique,"dark_spots, post_acne_marks, tone_evenness","mixte, normale, seche",both,3x/sem,ok,ok,1,3,3,oui,0.84,👍 oui,👍 oui,👍 oui,👍 oui,👍 oui,"Customers find the serum effective at fading dark spots and improving skin tone, with one noting visible results in less than a week. Moreover, the product receives positive feedback for its hydrating properties, smooth texture, and good value for money. However, customers disagree on its effectiven…",https://yitigxyfibpqvhkrwuiz.supabase.co/storage/v1/object/public/product-images/089_B08RJ4ZHXJ.png
90,Naturium Tranexamic Topical Acid 5%,Naturium,serum,,,12.15,4.2,3317,3774,ac. tranexamique,"dark_spots, post_acne_marks, tone_evenness","mixte, normale, seche",both,3x/sem,ok,ok,1,3,3,oui,0.80,👍 oui,👍 oui,👍 oui,👍 oui,👍 oui,"Customers find the serum to be of good quality and excellent value for money, with positive feedback about its texture making skin feel smooth and soft. The product receives mixed reviews for skin improvement, with some reporting dark spots getting lighter while others see no improvement. Customers …",https://yitigxyfibpqvhkrwuiz.supabase.co/storage/v1/object/public/product-images/090_B086YZRHH7.png
91,The Ordinary Retinol 0.2% in Squalane,DECIEM,traitement,,,8.1,4.6,4790,4530,rétinol (débutant),"acne, fine_lines, pores, texture, tone_evenness, wrinkles","grasse, mixte, normale, seche",pm,1-2x/sem,⛔,⚠,4,4,5,?,0.84,👍 oui,👍 oui,👍 oui,👍 oui,👍 oui,"Customers find this retinol serum effective at controlling acne and reducing dark spots, while being gentle on sensitive skin without causing irritation. The product receives positive feedback for its moisturizing properties, with one customer noting their face stays soft all day, and its quick-abso…",https://yitigxyfibpqvhkrwuiz.supabase.co/storage/v1/object/public/product-images/091_B077DWJ4H5.png
92,The Ordinary Granactive Retinoid 2% Emulsion,DECIEM,traitement,,,12.1,4.6,4761,1722,rétinoïde doux,"acne, fine_lines, flaking, pores, redness, texture, tone_evenness, wrinkles","grasse, mixte, normale, seche, sensible",pm,1-2x/sem,⛔,⚠,4,4,5,?,0.84,👍 oui,👍 oui,👍 oui,👍 oui,👍 oui,"Customers find this retinoid serum effective at reducing fine lines and forehead wrinkles, with their skin looking radiant and brighter over time. The product receives positive feedback for its gentle formula that doesn't cause irritation, and customers appreciate its moisturizing properties that le…",https://yitigxyfibpqvhkrwuiz.supabase.co/storage/v1/object/public/product-images/092_B071HHSMTT.png
93,CeraVe Resurfacing Retinol Serum,CeraVe,traitement,,,17.74,4.6,56320,431,rétinol,"acne, fine_lines, pores, texture, tone_evenness, wrinkles","grasse, mixte, normale, seche",pm,1-2x/sem,⛔,⚠,4,4,5,oui,0.83,👍 oui,👍 oui,👍 oui,👍 oui,👍 oui,"Customers find the retinol serum effective at clearing skin and improving texture, with one customer noting its success in treating maskne on sensitive skin. The product receives positive feedback for its gentle formula, brightening effect, and non-greasy texture, while also being fragrance-free and…",https://yitigxyfibpqvhkrwuiz.supabase.co/storage/v1/object/public/product-images/093_B07VWSN95S.png
94,Differin Adapalene Gel 0.1%,"Galderma Laboratories, Inc",traitement,,,9.97,4.5,71104,270,adapalène,"acne, comedones, texture","grasse, mixte",pm,1-2x/sem,⛔,⚠,4,4,5,oui,0.82,👍 oui,⚠️ prudence,👍 oui,⚠️ prudence,👍 oui,"Customers report that the acne treatment gel works fast and helps prevent new breakouts, while also improving skin texture and making it feel smooth. The product receives positive feedback for its appearance, with customers noting their skin looks clearer and more radiant. Regarding dryness and sens…",https://yitigxyfibpqvhkrwuiz.supabase.co/storage/v1/object/public/product-images/094_B07L1PHSY9.png
95,RoC Retinol Correxion Deep Wrinkle Night,RoC,traitement,,,21.97,4.4,23899,1253,rétinol,"acne, fine_lines, pores, texture, tone_evenness, wrinkles","grasse, mixte, normale, seche",pm,1-2x/sem,⛔,⚠,4,4,5,non,0.83,👍 oui,👍 oui,👍 oui,⚠️ prudence,👍 oui,"Customers find this retinol cream effective at reducing wrinkles and fine lines, particularly under the eyes, and appreciate that it's non-greasy with a silky feel. Moreover, they consider it good value for money, noting it works well without expensive dermatologist treatments. However, the fragranc…",https://yitigxyfibpqvhkrwuiz.supabase.co/storage/v1/object/public/product-images/095_B00027DMI8.png
96,Paula's Choice CLINICAL 1% Retinol Treatment,Paula's Choice,traitement,,,45.5,4.3,5484,5084,rétinol,"acne, fine_lines, pores, texture, tone_evenness, wrinkles","grasse, mixte, normale, seche",pm,1-2x/sem,⛔,⚠,4,4,5,oui,0.82,👍 oui,👍 oui,👍 oui,⚠️ prudence,👍 oui,"Customers find the retinol serum effective, with one mentioning it works well for acne and fine lines, while others note it helps with wrinkles and even skin tone. The product receives positive feedback for its texture, making skin smooth and soft, though opinions about its size are mixed, with many…",https://yitigxyfibpqvhkrwuiz.supabase.co/storage/v1/object/public/product-images/096_B00L5O2ZXK.png
97,Olay Regenerist Retinol24 Night,AmazonUs/PRFZ7,traitement,,,29.94,4.6,15563,1216,rétinol,"acne, fine_lines, pores, texture, tone_evenness, wrinkles","grasse, mixte, normale, seche",pm,1-2x/sem,⛔,⚠,4,4,5,oui,0.82,👍 oui,👍 oui,👍 oui,⚠️ prudence,👍 oui,"Customers find the moisturizer effective and appreciate its silky texture, with one noting it performs as well as high-end products. The cream is fragrance-free and leaves skin feeling moisturized and soft. While some customers report their skin looks fantastic and feels like a baby's butt, others e…",https://yitigxyfibpqvhkrwuiz.supabase.co/storage/v1/object/public/product-images/097_B07XQBY5QQ.png
98,Drunk Elephant A-Passioni Retinol Cream,Drunk Elephant,traitement,,,76,4.5,348,50175,rétinol 1%,"acne, fine_lines, pores, texture, tone_evenness, wrinkles","grasse, mixte, normale, seche",pm,1-2x/sem,⛔,⚠,4,4,5,?,0.82,👍 oui,👍 oui,👍 oui,⚠️ prudence,👍 oui,"Customers find the retinol cream effective, with one reporting dramatic skin improvements and another noting fine lines fade quickly. The product receives positive feedback for its texture, leaving faces smooth and fresh, and one customer mentions it hydrates beautifully. While some customers consid…",https://yitigxyfibpqvhkrwuiz.supabase.co/storage/v1/object/public/product-images/098_B08TGGGZM5.png
99,Medik8 Crystal Retinal 3,Medik8,traitement,,,48.75,4.4,773,3580,rétinal,"acne, fine_lines, pores, texture, tone_evenness, wrinkles","grasse, mixte, normale, seche",pm,1-2x/sem,⛔,⚠,4,4,5,oui,0.84,👍 oui,👍 oui,👍 oui,👍 oui,👍 oui,"Customers report noticeable improvements within two weeks, including clearer skin and reduced dark spots, with their skin looking brighter and overall tone improving. The serum is non-irritating for sensitive skin, keeps it soft, and customers feel rejuvenated and refreshed every morning. While many…",https://yitigxyfibpqvhkrwuiz.supabase.co/storage/v1/object/public/product-images/099_B0BHX7NYJG.png
100,Avène Retrinal 0.1 Intensive,Pierre Fabre,traitement,,,47.6,4.5,489,5627,rétinal,"acne, fine_lines, pores, texture, tone_evenness, wrinkles","grasse, mixte, normale, seche",pm,1-2x/sem,⛔,⚠,4,4,5,?,0.83,👍 oui,👍 oui,👍 oui,👍 oui,👍 oui,"Customers find the retinol cream effective at improving skin texture, leaving it smoother and more radiant with consistent use. The product receives positive feedback for its quality, with one customer noting it's a high-quality retinol product. While some customers find it gentle on sensitive skin,…",https://yitigxyfibpqvhkrwuiz.supabase.co/storage/v1/object/public/product-images/100_B0DPNMY8WR.png
101,PanOxyl Acne Foaming Wash 10% BPO,"Crown Laboratories, Inc.",traitement,,,9.07,4.6,81391,12,peroxyde de benzoyle,acne,"grasse, mixte",pm,1-2x/sem,ok,⚠,3,4,5,oui,0.80,👍 oui,⚠️ prudence,👍 oui,⚠️ prudence,👍 oui,"Customers find this acne wash effective, particularly for oily skin, and consider it good value for money. The product receives mixed feedback regarding skin sensitivity, with some saying it doesn't irritate sensitive skin while others report burning sensations. Customers disagree on the cleaning ef…",https://yitigxyfibpqvhkrwuiz.supabase.co/storage/v1/object/public/product-images/101_B081KL2QYJ.png
102,La Roche-Posay Effaclar (acné),Factory EU - France COSMETIQUE ACTIVE PRODUCTION,traitement,,,18.79,4.7,906,4636,acide salicylique,"acne, comedones, pores, shine","grasse, mixte",pm,3x/sem,⛔,⚠,2,3,5,?,0.83,👍 oui,⚠️ prudence,👍 oui,👍 oui,👍 oui,"Customers report that the acne treatment works wonders, completely clearing their skin within 2 days. The product receives positive feedback for its texture, with one customer noting its lightweight gel-cream formula that absorbs quickly, and they find it worth the price. While the product is gentle…",https://yitigxyfibpqvhkrwuiz.supabase.co/storage/v1/object/public/product-images/102_B0F3CD1Y9B.png
103,Naturium Azelaic Topical Acid 10%,Naturium,traitement,,,15.19,4.4,5206,1728,azélaïque,"acne, dark_spots, post_acne_marks, redness, tone_evenness","grasse, mixte, normale, seche, sensible",pm,3x/sem,ok,ok,1,3,4,oui,0.84,👍 oui,👍 oui,👍 oui,👍 oui,👍 oui,"Customers find the serum effective at reducing redness, irritation, and hyperpigmentation, while also improving skin texture and making it look brighter and more glowy. The product receives positive feedback for its quality and value for money, with customers noting it works well under makeup. The f…",https://yitigxyfibpqvhkrwuiz.supabase.co/storage/v1/object/public/product-images/103_B086Z6T13D.png
104,Murad Rapid Dark Spot Correcting Serum,Murad,traitement,,,58.8,4.2,2159,11037,tranexamique/glycolic,"dark_spots, post_acne_marks, tone_evenness","mixte, normale, seche",pm,3x/sem,ok,ok,1,3,3,?,0.81,👍 oui,👍 oui,👍 oui,👍 oui,👍 oui,"Customers find the serum effective at fading dark spots and appreciate its smooth, silky texture. The product receives positive feedback for its quality, with one customer describing it as a skincare staple. Opinions are mixed regarding effectiveness, value for money, skin irritation, fragrance, and…",https://yitigxyfibpqvhkrwuiz.supabase.co/storage/v1/object/public/product-images/104_B08KR79NBR.png
105,La Roche-Posay Mela B3 Dark Spot Serum,Factory EU - France COSMETIQUE ACTIVE PRODUCTION,traitement,,,32.03,4.4,14084,737,niacinamide/tranexamique,"dark_spots, pores, post_acne_marks, redness, shine, tone_evenness","grasse, mixte, normale, seche, sensible",pm,3x/sem,ok,ok,1,3,4,?,0.82,👍 oui,👍 oui,👍 oui,👍 oui,👍 oui,"Customers give positive feedback about the serum's texture, noting it makes skin feel smooth and leaves a noticeable difference, while also appreciating its smooth application and gentle formula for sensitive skin. The product receives mixed reviews for its effectiveness in treating dark spots, with…",https://yitigxyfibpqvhkrwuiz.supabase.co/storage/v1/object/public/product-images/105_B0CM4B43DZ.png
106,Aztec Secret Indian Healing Clay,Aztec Secret,masque,,,15.95,4.6,28824,27019,argile bentonite,"comedones, pores, shine","grasse, mixte",pm,1-2x/sem,ok,⚠,1,2,3,oui,0.83,👍 oui,⚠️ prudence,👍 oui,⚠️ prudence,👍 oui,"Customers find the clay mask effective and say it works wonders for their skin, leaving it feeling great and smooth. Moreover, the product reduces pores and helps with acne, while offering good value with plenty of product for the price. However, opinions are mixed regarding skin appearance, with so…",https://yitigxyfibpqvhkrwuiz.supabase.co/storage/v1/object/public/product-images/106_B00S7ZPB8Q.png
107,The Ordinary Salicylic Acid 2% Masque,DECIEM,masque,,,13.8,4.6,4769,4019,argile/BHA,"acne, comedones, fine_lines, flaking, pores, shine","grasse, mixte, normale, seche",pm,1-2x/sem,⛔,⚠,2,3,5,?,0.82,👍 oui,⚠️ prudence,👍 oui,👍 oui,👍 oui,"Customers find the mask effective at clearing pores and calming acne conditions, while also appreciating how it leaves skin soft and smooth without causing irritation. Moreover, the product receives positive feedback for its quality. However, customers disagree on the value for money, with some cons…",https://yitigxyfibpqvhkrwuiz.supabase.co/storage/v1/object/public/product-images/107_B07SZ9PTLP.png
108,Innisfree Super Volcanic Pore Clay Mask,Innisfree,masque,,,12.6,4.6,1992,5934,argile volcanique,"comedones, pores, shine","grasse, mixte",pm,1-2x/sem,ok,⚠,1,2,3,?,0.84,👍 oui,👍 oui,👍 oui,👍 oui,👍 oui,"Customers find this clay mask effective at reducing pores and leaving skin smooth and hydrated without dryness. The mask is easy to remove with cotton pads and dries quickly without feeling too tight, while also brightening complexion and reducing redness. They appreciate that it doesn't irritate se…",https://yitigxyfibpqvhkrwuiz.supabase.co/storage/v1/object/public/product-images/108_B0CQZ3W88P.png
109,Origins Clear Improvement Charcoal Mask,Origins,masque,,,39,4.5,534,27937,charbon,"fine_lines, flaking, pores, shine","grasse, mixte, normale, seche",pm,1-2x/sem,ok,⚠,1,2,4,?,0.80,👍 oui,⚠️ prudence,👍 oui,⚠️ prudence,👍 oui,"Customers find the face mask effective, with one mentioning it clarifies pores with regular usage. Moreover, the mask dries quickly and is easy to wash off, leaving skin feeling smoother. However, opinions on value for money are mixed, with some finding it worth the price while others consider it ex…",https://yitigxyfibpqvhkrwuiz.supabase.co/storage/v1/object/public/product-images/109_B07N1TCC7L.png
110,Neutrogena Hydro Boost Hydrating Mask,Kenvue,masque,,,35.88,4.3,3736,24688,hydratant (hydrogel),flaking,"normale, seche",pm,1-2x/sem,ok,ok,0,1,3,non,0.84,👍 oui,👍 oui,👍 oui,👍 oui,👍 oui,"Customers find the face mask effective at hydrating and moisturizing, leaving skin soft and smooth with a refreshed appearance. The product receives positive feedback for its quality, value for money, and ability to improve skin health, with one customer noting visible results after one day of use. …",https://yitigxyfibpqvhkrwuiz.supabase.co/storage/v1/object/public/product-images/110_B076H45H68.png
111,Laneige Water Sleeping Mask,LANEIGE,masque,,,23.1,4.6,585,4498,hydratant nuit,flaking,"normale, seche",pm,1-2x/sem,ok,ok,0,1,3,?,0.84,👍 oui,👍 oui,👍 oui,👍 oui,👍 oui,"Customers find the sleeping mask hydrating, with one noting it absorbs well without leaving an oily residue. The product receives positive feedback for its texture, with one customer describing it as a lightweight gel that feels refreshing, and its effectiveness in making skin look better and illumi…",https://yitigxyfibpqvhkrwuiz.supabase.co/storage/v1/object/public/product-images/111_B0F7ZJQP4K.png
112,Summer Fridays Jet Lag Mask,Summer Fridays,masque,,,49,4.6,1056,4404,hydratant,flaking,"normale, seche",pm,1-2x/sem,ok,ok,0,1,3,oui,0.84,⚠️ prudence,👍 oui,👍 oui,👍 oui,👍 oui,"Customers find the mask hydrating and effective, particularly for dry and sensitive skin, with one noting it's a deep hydrating overnight treatment. Moreover, the product receives positive feedback for its soft, supple feel, beautiful glow, and versatility as a staple in skincare routines. However, …",https://yitigxyfibpqvhkrwuiz.supabase.co/storage/v1/object/public/product-images/112_B09FYCGF57.png
113,Drunk Elephant F-Balm Waterfacial,Drunk Elephant,masque,,,56,4.5,422,168604,hydratant nuit,flaking,"normale, seche",pm,1-2x/sem,ok,ok,0,1,3,?,0.82,👍 oui,👍 oui,👍 oui,👍 oui,👍 oui,"Customers find the face mask effective, with one noting it helps their skin feel normal and another describing it as a perfect addition to their skincare routine. The product receives positive feedback for its texture, as it's not oily or sticky, and one customer mentions it soaks right into the fac…",https://yitigxyfibpqvhkrwuiz.supabase.co/storage/v1/object/public/product-images/113_B07ZQMX331.png
114,The Ordinary AHA 30% + BHA 2% Peeling,DECIEM,masque,,,9.5,4.6,30603,801,peeling fort,"radiance, texture, tone_evenness",tous,pm,1-2x/sem,ok,⚠,4,4,4,?,0.82,👍 oui,⚠️ prudence,👍 oui,👎 non,👍 oui,"Customers find the exfoliating solution effective, with their skin looking brighter and smoother after use, and one customer noting a difference after the first application. The product receives positive feedback for its value, with customers appreciating that it's good for the price and can be left…",https://yitigxyfibpqvhkrwuiz.supabase.co/storage/v1/object/public/product-images/114_B071D4D5DT.png
115,Dr Dennis Gross Alpha Beta Daily Peel,Dr. Dennis Gross,masque,,,75.2,4.5,3929,7368,AHA/BHA pads,"acne, comedones, fine_lines, flaking, pores, radiance, shine, texture, tone_evenness","grasse, mixte, normale, seche",pm,1-2x/sem,⛔,⚠,3,3,5,non,0.82,👍 oui,⚠️ prudence,👍 oui,⚠️ prudence,👍 oui,"Customers report that the skin exfoliant transforms their complexion, making it smooth, glowing, and even-toned. Moreover, they find it easy to use and consider it a must-have for their daily skincare routine, with one customer noting it can be used 2-3 times a week. The product receives positive fe…",https://yitigxyfibpqvhkrwuiz.supabase.co/storage/v1/object/public/product-images/115_B00EFYG5VU.png
116,Drunk Elephant T.L.C. Sukari Babyfacial,Drunk Elephant,masque,,,80,4.5,1054,59827,AHA/BHA peeling,"acne, comedones, fine_lines, flaking, pores, radiance, shine, texture, tone_evenness","grasse, mixte, normale, seche",pm,1-2x/sem,⛔,⚠,4,4,5,?,0.82,👍 oui,👍 oui,👍 oui,⚠️ prudence,👍 oui,"Customers find the face mask effective and appreciate how it leaves their skin smooth and soothed, with a radiant glow. The product receives mixed feedback regarding value for money, with some saying it's worth the price while others find it overpriced. Customers disagree on the product's sensitivit…",https://yitigxyfibpqvhkrwuiz.supabase.co/storage/v1/object/public/product-images/116_B0GT7NJXV9.png
117,Origins Drink Up Intensive Overnight Mask,Origins,masque,,,39,4.7,624,26275,"acide hyaluronique, niacinamide, avocat","fine_lines, flaking, pores, redness, shine, tone_evenness","grasse, mixte, normale, seche, sensible",pm,1-2x/sem,ok,ok,0,2,4,?,0.80,⚠️ prudence,👍 oui,👍 oui,⚠️ prudence,👍 oui,"Customers find the face mask effective at moisturizing, particularly for winter dry skin, and appreciate its softness, with one noting it sinks perfectly into the skin. The mask has a pleasant fragrance, and customers like its consistency, with one mentioning it's not greasy. Opinions on value for m…",https://yitigxyfibpqvhkrwuiz.supabase.co/storage/v1/object/public/product-images/117_B07N1V73VJ.png
118,La Roche-Posay Cicaplast Baume B5,La Roche-Posay,masque,,,14.23,4.7,21446,68,panthénol/madécassoside,"flaking, redness","normale, seche, sensible",pm,1-2x/sem,ok,ok,0,1,3,oui,0.86,👍 oui,👍 oui,👍 oui,👍 oui,👍 oui,"Customers find this moisturizer effective for skin barrier repair and appreciate its light texture that doesn't feel heavy or greasy. The product soothes and calms skin, with one customer noting it helps with eczema, and they report no breakouts or irritations. They like its compatibility with sensi…",https://yitigxyfibpqvhkrwuiz.supabase.co/storage/v1/object/public/product-images/118_B0060OUV5Y.png
119,Dr. Jart+ Cicapair Sheet Mask,Dr.Jart+,masque,,,7,4.5,215,21883,centella,"flaking, redness","normale, seche, sensible",pm,1-2x/sem,ok,ok,0,1,3,?,0.83,👍 oui,👍 oui,👍 oui,👍 oui,👍 oui,"Customers find the face mask hydrating and effective at reducing redness, with one mentioning it's particularly helpful after laser procedures. Moreover, the product receives positive feedback for its quality, soothing properties, and suitability for sensitive skin, with customers noting their skin …",https://yitigxyfibpqvhkrwuiz.supabase.co/storage/v1/object/public/product-images/119_B0D2D1VPD4.png
120,Kiehl's Calendula Petal Calming Mask,Kiehl's Since 1851,masque,,,47,4.5,171,98210,calendula,"flaking, redness","normale, seche, sensible",pm,1-2x/sem,ok,ok,0,1,3,oui,0.83,👍 oui,👍 oui,👍 oui,👍 oui,👍 oui,"Customers find the face mask effective at reducing redness and soothing their skin, with one mentioning it works well for sunburn relief. Moreover, the texture receives positive feedback, with customers noting it feels soft and moist, and one describing it as having a jelly-like consistency. Additio…",https://yitigxyfibpqvhkrwuiz.supabase.co/storage/v1/object/public/product-images/120_B08QFC5NS1.png
121,The Ordinary Caffeine Solution 5% + EGCG,DECIEM,contour_yeux,,,9.2,4.4,17936,303,caféine,"under_eye_circles, under_eye_puffiness",tous,both,daily,ok,ok,0,1,3,?,0.78,👍 oui,👍 oui,👍 oui,⚠️ prudence,👍 oui,"Customers find the eye serum effective at reducing puffiness and dark circles, though some report it made their under-eye area worse. The texture receives mixed feedback, with some describing it as smooth while others find it sticky, and customers disagree on whether it's worth the price. Moreover, …",https://yitigxyfibpqvhkrwuiz.supabase.co/storage/v1/object/public/product-images/121_B01MUZVE1C.png
122,CeraVe Eye Repair Cream,CeraVe,contour_yeux,,,12.72,4.3,73806,343,niacinamide/céramides,"flaking, pores, redness, shine, tone_evenness","grasse, mixte, normale, seche, sensible",both,daily,ok,ok,0,2,4,oui,0.81,👍 oui,👍 oui,👍 oui,👍 oui,👍 oui,"Customers find the eye cream effective at moisturizing, particularly for dry skin and wrinkles, with a light texture that's gentle on the skin. The product receives mixed feedback regarding its effectiveness, with some reporting good results while others say it didn't work for them. Skin compatibili…",https://yitigxyfibpqvhkrwuiz.supabase.co/storage/v1/object/public/product-images/122_B00JJPMXDO.png
123,The INKEY List Caffeine Eye Cream,The INKEY List,contour_yeux,,,7.7,4.0,5773,3267,caféine,"under_eye_circles, under_eye_puffiness",tous,both,daily,ok,ok,0,1,3,?,0.80,👍 oui,👍 oui,👍 oui,👍 oui,👍 oui,"Customers find the eye cream adds just enough moisture to the under-eye area, leaving it looking brighter and refreshed throughout the day, with a silky texture that's smooth to apply. The product receives mixed feedback regarding its effectiveness, with some reporting good results while others say …",https://yitigxyfibpqvhkrwuiz.supabase.co/storage/v1/object/public/product-images/123_B07GLNN427.png
124,Neutrogena Hydro Boost Eye Gel-Cream,Johnson & Johnson,contour_yeux,,,14.67,4.5,21089,5577,acide hyaluronique,"fine_lines, flaking","mixte, normale, seche",both,daily,ok,ok,0,1,4,oui,0.83,👍 oui,👍 oui,👍 oui,👍 oui,👍 oui,"Customers find the eye cream effective at moisturizing and working well under makeup, with a silky texture that feels nice while applying and afterward. Moreover, the product helps diminish eye lines and makes the area look better, while being good value for money and not leaving a greasy texture. H…",https://yitigxyfibpqvhkrwuiz.supabase.co/storage/v1/object/public/product-images/124_B00NR1YIKM.png
125,RoC Retinol Correxion Eye Cream,Roc,contour_yeux,,,41.39,4.6,468,119809,rétinol,"acne, fine_lines, pores, texture, tone_evenness, wrinkles","grasse, mixte, normale, seche",both,daily,⛔,⚠,4,4,5,oui,0.72,👍 oui,⚠️ prudence,👍 oui,⚠️ prudence,👍 oui,"Customers find the eye cream effective at reducing wrinkles and fine lines, noting that dark circles become less noticeable.",https://yitigxyfibpqvhkrwuiz.supabase.co/storage/v1/object/public/product-images/125_B000NE8C5I.png
126,Olay Eyes Ultimate Eye Cream,Procter & Gamble,contour_yeux,,,29.94,4.3,13078,6665,peptides/teinté,"fine_lines, wrinkles","mixte, normale, seche",both,daily,ok,ok,0,2,3,oui,0.79,👍 oui,👍 oui,👍 oui,👍 oui,👍 oui,"Customers find the eye cream decent and appreciate its skin-colored tint that brightens the eyes. The texture receives positive feedback for being silky and leaving the skin soft, with no greasy residue. However, the moisturizing effect and value for money receive mixed reviews, with some saying it …",https://yitigxyfibpqvhkrwuiz.supabase.co/storage/v1/object/public/product-images/126_B01EHW5JYI.png
127,La Roche-Posay Pigmentclar Eyes,La Roche-Posay,contour_yeux,,,33.73,4.4,3785,12024,niacinamide/caféine,"pores, redness, shine, tone_evenness, under_eye_circles, under_eye_puffiness","grasse, mixte, sensible",both,daily,ok,ok,0,2,4,?,0.79,👍 oui,👍 oui,👍 oui,👍 oui,👍 oui,"Customers find the eye cream's texture smooth and appreciate its cooling applicator tip. The product receives positive feedback for its quality, with one customer noting it serves as a good base for makeup. Dark circle coverage and effectiveness receive mixed reviews, with some customers reporting i…",https://yitigxyfibpqvhkrwuiz.supabase.co/storage/v1/object/public/product-images/127_B00HR1JRTU.png
128,Kiehl's Creamy Eye Treatment Avocado,Kiehl's Since 1851,contour_yeux,,,28,4.5,2935,2512,avocat/hydratant,flaking,"normale, seche",both,daily,ok,ok,0,1,3,?,0.83,⚠️ prudence,👍 oui,👍 oui,👍 oui,👍 oui,"Customers find the eye cream effective at hydrating the under-eye area and removing puffiness, with a smooth texture that feels great on dry skin. The product receives positive feedback for its moisturizing properties, with one customer noting it makes skin more supple. While some customers say it's…",https://yitigxyfibpqvhkrwuiz.supabase.co/storage/v1/object/public/product-images/128_B000S97MAY.png
129,Drunk Elephant C-Tango Eye Cream,Drunk Elephant,contour_yeux,,,65,4.4,1096,59853,vit C/peptides,"dark_spots, fine_lines, radiance, tone_evenness, wrinkles","mixte, normale, seche",both,daily,ok,⚠,1,3,4,?,0.81,👍 oui,👍 oui,👍 oui,👍 oui,👍 oui,"Customers find the eye cream effective, making their eyes look better, and appreciate its moisturizing properties that keep the area hydrated. The product receives positive feedback for its texture, with one customer noting it's not greasy, and its smooth application. While some customers consider i…",https://yitigxyfibpqvhkrwuiz.supabase.co/storage/v1/object/public/product-images/129_B07CNJPVXP.png
130,CeraVe Skin Renewing Eye Cream,CeraVe,contour_yeux,,,16.88,4.5,9210,816,"peptides, caféine, céramides","fine_lines, flaking, redness, under_eye_circles, under_eye_puffiness, wrinkles","mixte, normale, seche, sensible",both,daily,ok,ok,0,2,4,oui,0.86,👍 oui,👍 oui,👍 oui,⚠️ prudence,👍 oui,"Reconstruit depuis les avis : contour des yeux tres apprecie, leger et non gras, hydrate toute la journee, attenue ridules/pattes doie et cernes, petit format mais une noisette suffit, bon rapport qualite-prix. Quelques utilisateurs signalent irritation/dermatite (peau sensible).",https://yitigxyfibpqvhkrwuiz.supabase.co/storage/v1/object/public/product-images/130_B0B3GCCRVH.png
131,Tatcha Luminous Deep Hydration Firming Eye Serum,Tatcha,contour_yeux,,,92,4.4,342,66253,caféine/algue,"flaking, under_eye_circles, under_eye_puffiness","normale, seche",both,daily,ok,ok,0,1,3,?,0.81,👍 oui,👍 oui,👍 oui,👍 oui,👍 oui,"Customers find this eye serum effective, noting it makes a huge difference under their eyes and helps with puffiness. The product receives positive feedback for its quality. Regarding value for money, while some customers consider it well worth the price, others find it pricey for the small tube siz…",https://yitigxyfibpqvhkrwuiz.supabase.co/storage/v1/object/public/product-images/131_B019IG2IWE.png
132,Naturium Vitamin Bright Illuminating Eye Cream,Naturium,contour_yeux,,,15.29,4.1,357,54105,"vitamine K, pigments illuminateurs, caféine","tone_evenness, under_eye_circles, under_eye_puffiness",tous,both,daily,ok,ok,0,2,3,?,0.78,👍 oui,👍 oui,👍 oui,👍 oui,👍 oui,"Customers find the eye cream moisturizing and effective for dark circles, with subtle pigments that brighten the under-eye area. The product has a nice sheen and soft texture, and one customer notes it works well for sensitive skin. The quantity receives mixed feedback, with several customers mentio…",https://yitigxyfibpqvhkrwuiz.supabase.co/storage/v1/object/public/product-images/132_B0CFYQC6FV.png
133,Hero Cosmetics Mighty Patch Original,Mighty Patch,soin_cible,,,10.39,4.6,184159,3,hydrocolloïde,acne,"grasse, mixte",pm,3x/sem,ok,ok,0,1,3,oui,0.88,👍 oui,👍 oui,👍 oui,👍 oui,👍 oui,"Customers find the acne patches effective, particularly for whiteheads, and appreciate their quality, ease of application, and compatibility with all skin types, noting they don't irritate sensitive skin. The patches stick well throughout the night, though opinions on value are mixed, with some find…",https://yitigxyfibpqvhkrwuiz.supabase.co/storage/v1/object/public/product-images/133_B074PVTPBW.png
134,Starface Hydro-Star Patches,Starface,soin_cible,,,10.49,4.5,9309,3517,hydrocolloïde,acne,"grasse, mixte",pm,3x/sem,ok,ok,0,1,3,oui,0.84,👍 oui,👍 oui,👍 oui,👍 oui,👍 oui,"Customers find these pimple patches effective and easy to use, with positive feedback about their adhesiveness and portability, noting they fit well in purses and are perfect for traveling. Customers appreciate their appearance, with one customer mentioning they clear up hormonal acne blemishes over…",https://yitigxyfibpqvhkrwuiz.supabase.co/storage/v1/object/public/product-images/134_B0B4V88LMC.png
135,Mario Badescu Drying Lotion,Mario Badescu Skin Care Inc.,soin_cible,,,10.8,4.5,36398,2073,soufre/calamine,"acne, redness, shine","grasse, mixte, sensible",pm,3x/sem,ok,⚠,2,3,3,?,0.82,👍 oui,⚠️ prudence,👍 oui,⚠️ prudence,👍 oui,"Customers find the drying lotion effective, working fast and clearing blemishes overnight. The product improves skin appearance by relieving redness and swelling, and customers consider it worth the price. However, customers disagree on whether it dries out the skin, with some finding it extremely d…",https://yitigxyfibpqvhkrwuiz.supabase.co/storage/v1/object/public/product-images/135_B0017SWIU4.png
136,Neutrogena On-the-Spot Acne Treatment,Kenvue,soin_cible,,,7.94,4.6,4273,2225,peroxyde benzoyle 2.5%,acne,"grasse, mixte",pm,1-2x/sem,ok,⚠,3,4,5,oui,0.84,👍 oui,👍 oui,👍 oui,👍 oui,👍 oui,"Customers find the acne spot treatment effective, working almost instantly and clearing pimples within 48 hours, while being gentle on sensitive skin and not causing irritation. The product is easy to use and offers good value, with one customer noting it layers well under moisturizer or makeup. Cus…",https://yitigxyfibpqvhkrwuiz.supabase.co/storage/v1/object/public/product-images/136_B00UOLIOC6.png
138,Clinique Acne Solutions Clinical Clearing Gel,Clinique,soin_cible,,,24,4.6,171,13687,BHA,"acne, comedones, fine_lines, flaking, pores, shine","grasse, mixte, normale, seche",pm,3x/sem,⛔,⚠,2,3,5,oui,0.80,👍 oui,⚠️ prudence,👍 oui,⚠️ prudence,👍 oui,"Customers find the acne treatment effective, particularly as a quick spot treatment, with one mentioning it helps calm and shrink pimples over time. The product receives mixed feedback regarding skin irritation, with some customers reporting that it burns their skin.",https://yitigxyfibpqvhkrwuiz.supabase.co/storage/v1/object/public/product-images/138_B0DS6MZC9S.png
139,Peace Out Acne Healing Dots,PEACE OUT,soin_cible,,,13.3,4.5,886,5211,hydrocolloïde/BHA,"acne, comedones, fine_lines, flaking, pores, shine","grasse, mixte, normale, seche",pm,3x/sem,⛔,⚠,2,3,5,oui,0.80,👍 oui,👍 oui,👍 oui,👍 oui,👍 oui,"Customers find the acne patches effective, noting they work just as well as cheaper brands. The adhesion receives mixed feedback - while some say they stick well, others report they don't adhere properly.",https://yitigxyfibpqvhkrwuiz.supabase.co/storage/v1/object/public/product-images/139_B07JLH43QJ.png
140,Kate Somerville EradiKate Acne Treatment,Kate Somerville,soin_cible,,,20.3,4.5,2676,10151,soufre 10%,"acne, shine","grasse, mixte",pm,3x/sem,ok,⚠,2,3,3,?,0.81,👍 oui,⚠️ prudence,👍 oui,⚠️ prudence,👍 oui,"Customers find the acne treatment very effective, noting it works overnight. The product's drying properties receive mixed feedback - while some customers say it's not overly drying, others mention it tends to dry out the skin pretty good.",https://yitigxyfibpqvhkrwuiz.supabase.co/storage/v1/object/public/product-images/140_B001ZSBI8Y.png
141,Hero Cosmetics Micropoint for Blemishes,Hero Cosmetics,soin_cible,,,8.95,4.5,5240,656,patch microneedle/BHA,"acne, comedones, fine_lines, flaking, pores, shine","grasse, mixte, normale, seche",pm,3x/sem,⛔,⚠,2,3,5,oui,0.82,👍 oui,👍 oui,👍 oui,👍 oui,👍 oui,"Customers find the pimple patches effective, particularly for deep pimples, and appreciate their quality and ease of use. The adhesiveness receives mixed feedback - while some say they stick well, others report they don't adhere at all. Customers disagree on the comfort level, with some experiencing…",https://yitigxyfibpqvhkrwuiz.supabase.co/storage/v1/object/public/product-images/141_B0BPDBYRTZ.png
142,CeraVe Skin Renewing Night Cream,CeraVe,hydratant,oui,riche,15.44,4.6,56430,196,"peptides, ceramides, niacinamide","fine_lines, flaking, pores, redness, shine, tone_evenness, wrinkles","grasse, mixte, normale, seche, sensible",pm,daily,ok,ok,0,2,4,oui,0.87,⚠️ prudence,👍 oui,👍 oui,👍 oui,👍 oui,"Customers find this night cream moisturizing and effective, particularly for dry skin and eczema, with a luxurious feel that's not greasy. They appreciate its quality and consider it reasonably priced. Regarding skin compatibility, while some customers report it doesn't irritate sensitive skin, othe…",https://yitigxyfibpqvhkrwuiz.supabase.co/storage/v1/object/public/product-images/142_B00SNPCSUY.png
143,Cetaphil Healthy Renew Night Cream,Cetaphil,hydratant,oui,riche,16.97,4.4,2057,6389,"peptides, niacinamide","fine_lines, pores, redness, shine, tone_evenness, wrinkles","grasse, mixte, normale, seche, sensible",pm,daily,ok,ok,0,2,4,oui,0.84,⚠️ prudence,👍 oui,👍 oui,👍 oui,👍 oui,"Customers find the night cream effective and moisturizing, making their skin smooth and hydrated, with one noting improvements in texture and fine lines. The cream has a thick consistency that's not too heavy, feels luxurious, and customers consider it good value for money. Regarding skin compatibil…",https://yitigxyfibpqvhkrwuiz.supabase.co/storage/v1/object/public/product-images/143_B0C15N3473.png
144,Olay Regenerist Night Recovery Cream,Olay,hydratant,oui,riche,27.44,4.6,18181,5639,"peptides, niacinamide","fine_lines, pores, redness, shine, tone_evenness, wrinkles","grasse, mixte, normale, seche, sensible",pm,daily,ok,ok,0,2,4,oui,0.84,⚠️ prudence,👍 oui,👍 oui,👍 oui,👍 oui,"Customers find this night cream effective, noting it works wonders throughout the night and shows results within the first week of use. They appreciate its moisturizing properties, particularly for oily skin, and its soft, smooth texture that's not greasy or sticky. Customers praise its value, sayin…",https://yitigxyfibpqvhkrwuiz.supabase.co/storage/v1/object/public/product-images/144_B01M4R7CC5.png
145,Naturium Plant Ceramide Rich Moisture Cream,Naturium,hydratant,oui,riche,18.99,4.4,1453,14545,"ceramides, acide hyaluronique","fine_lines, flaking, redness","mixte, normale, seche, sensible",pm,daily,ok,ok,0,1,4,?,0.82,⚠️ prudence,👍 oui,👍 oui,👍 oui,👍 oui,"Customers find the moisturizer hydrates dry skin perfectly and has a luxurious, silky texture that feels nice on normal-dry skin. The product receives mixed feedback regarding its greasiness, with some finding it buttery while others say it's too greasy, and its fragrance is virtually scentless. Cus…",https://yitigxyfibpqvhkrwuiz.supabase.co/storage/v1/object/public/product-images/145_B086W1KFXP.png
146,CeraVe Oil Control Moisturizing Gel-Cream,CeraVe,hydratant,oui,legere,14.28,4.6,3119,3570,"niacinamide, acide hyaluronique","fine_lines, flaking, pores, redness, shine, tone_evenness","grasse, mixte, normale, seche, sensible",pm,daily,ok,ok,0,2,4,oui,0.83,👍 oui,⚠️ prudence,👍 oui,👍 oui,👍 oui,"Customers find the moisturizer effective for oily skin, keeping it hydrated and fresh-looking, while appreciating its lightweight, soft texture, and good value. Moreover, the product absorbs instantly, with one customer noting it leaves a matte finish. However, experiences with oiliness are mixed - …",https://yitigxyfibpqvhkrwuiz.supabase.co/storage/v1/object/public/product-images/146_B0CTTV91Z6.png
147,La Roche-Posay Toleriane Dermallergo Night,La Roche-Posay,hydratant,oui,riche,23.98,4.6,4971,3543,"ceramides, niacinamide","flaking, pores, redness, shine, tone_evenness","grasse, mixte, normale, seche, sensible",pm,daily,ok,ok,0,2,4,?,0.85,⚠️ prudence,👍 oui,👍 oui,👍 oui,👍 oui,"Customers find the moisturizer super hydrating and appreciate its smooth, supple texture and lightweight feel. The product receives mixed feedback regarding skin sensitivity - while some report no irritation, others experience burning sensations. Customers disagree on whether it's non-greasy, with s…",https://yitigxyfibpqvhkrwuiz.supabase.co/storage/v1/object/public/product-images/147_B01D2SVADM.png
148,The INKEY List Peptide Moisturizer,The INKEY List,hydratant,oui,legere,12.6,4.5,1251,29551,"peptides, acide hyaluronique","fine_lines, flaking, wrinkles","mixte, normale, seche",pm,daily,ok,ok,0,2,4,?,0.82,👍 oui,⚠️ prudence,👍 oui,👍 oui,👍 oui,"Customers find this moisturizer effective at tackling dry skin and appreciate its light, smooth texture that absorbs quickly. They consider it good value for money and like how it feels on their face. The fragrance receives mixed reactions, with some customers noting a strong chemical smell. Several…",https://yitigxyfibpqvhkrwuiz.supabase.co/storage/v1/object/public/product-images/148_B09MRGXSHL.png
149,Naturium Intense Overnight Sleeping Cream,Naturium,hydratant,oui,riche,18.99,4.3,1002,17187,"ceramides, peptides, acide hyaluronique","fine_lines, flaking, redness, wrinkles","mixte, normale, seche, sensible",pm,daily,ok,ok,0,2,4,oui,0.82,⚠️ prudence,👍 oui,👍 oui,👍 oui,👍 oui,"Customers find the moisturizer provides solid overnight hydration and leaves skin feeling soft, with one noting it's particularly effective for cold, dry winter air. The cream receives positive feedback for its quality and fragrance, being unscented. However, customers disagree on the consistency, w…",https://yitigxyfibpqvhkrwuiz.supabase.co/storage/v1/object/public/product-images/149_B0851VV333.png
150,elf Holy Hydration Nourishing Night Cream,e.l.f.,hydratant,oui,legere,12,4.6,2302,8847,"baume karite, acide hyaluronique","fine_lines, flaking","mixte, normale, seche",pm,daily,ok,ok,0,1,4,oui,0.81,👍 oui,👍 oui,👍 oui,👍 oui,👍 oui,"Customers find this moisturizer effective at solving dry skin problems and appreciate its smooth, non-greasy texture that leaves faces feeling soft and clean. The cream absorbs easily into the skin, and customers consider it good value for money with a very mild scent. Regarding skin sensitivity, wh…",https://yitigxyfibpqvhkrwuiz.supabase.co/storage/v1/object/public/product-images/150_B015XII6Q8.png
151,LOreal Age Perfect Collagen Night,L Oreal,hydratant,oui,riche,15.97,4.5,6962,9440,"peptides, niacinamide","fine_lines, pores, redness, shine, tone_evenness, wrinkles","grasse, mixte, normale, seche, sensible",pm,daily,ok,ok,0,2,4,non,0.83,⚠️ prudence,👍 oui,👍 oui,⚠️ prudence,👍 oui,"Customers find the moisturizer effective at preventing dryness and improving skin appearance, making it look better in the morning with brighter and more even tone. The texture is creamy and soft, and customers consider it reasonably priced. However, the fragrance receives mixed reactions, with some…",https://yitigxyfibpqvhkrwuiz.supabase.co/storage/v1/object/public/product-images/151_B09843F4WG.png
152,Cetaphil Rich Hydrating Night Cream,Cetaphil,hydratant,oui,riche,13.88,4.5,8034,7105,"acide hyaluronique, ceramides","fine_lines, flaking, redness","mixte, normale, seche, sensible",pm,daily,ok,ok,0,1,4,oui,0.86,⚠️ prudence,👍 oui,👍 oui,👍 oui,👍 oui,"Customers find this night cream effective, noting it works wonders overnight and is particularly good for dry skin. The texture receives positive feedback, with customers describing it as silky and soft, and they appreciate that it doesn't irritate sensitive skin. The consistency and value for money…",https://yitigxyfibpqvhkrwuiz.supabase.co/storage/v1/object/public/product-images/152_B01MG4PVTR.png
153,Neutrogena Hydro Boost Water Cream,Neutrogena,hydratant,oui,legere,22.29,4.7,2372,4715,acide hyaluronique,"fine_lines, flaking","mixte, normale, seche",pm,daily,ok,ok,0,1,4,oui,0.82,👍 oui,⚠️ prudence,👍 oui,👍 oui,👍 oui,"Customers find this moisturizer effective, providing all-day hydration and working well for dry and sensitive skin. The cream is lightweight, silky, and absorbs quickly into the skin, while being non-greasy and fragrance-free. They appreciate its value, noting it's cheaper than Clinique but works we…",https://yitigxyfibpqvhkrwuiz.supabase.co/storage/v1/object/public/product-images/153_B0CX3D74WT.png
154,Aveeno Calm + Restore Oat Gel Moisturizer,Aveeno,hydratant,oui,legere,14.22,4.5,9207,1412,"avoine, panthenol","flaking, redness","normale, seche, sensible",pm,daily,ok,ok,0,1,3,oui,0.85,👍 oui,⚠️ prudence,👍 oui,👍 oui,👍 oui,"Customers find this moisturizer effective for dry skin and appreciate that it doesn't irritate sensitive skin, leaving it soft and smooth without a greasy feel. The product receives positive feedback for its fragrance-free formula, lightweight texture, and soothing properties, with one customer noti…",https://yitigxyfibpqvhkrwuiz.supabase.co/storage/v1/object/public/product-images/154_B08D9MSGVQ.png
155,Cetaphil Night Moisturizer Lightweight,Cetaphil,hydratant,oui,legere,11.48,4.6,1129,3317,acide hyaluronique,"fine_lines, flaking","mixte, normale, seche",pm,daily,ok,ok,0,1,4,oui,0.81,👍 oui,⚠️ prudence,👍 oui,👍 oui,👍 oui,"Customers find this moisturizer effective for sensitive skin and appreciate its light, non-greasy texture that makes their face feel smooth. The product absorbs well and is particularly suitable for nighttime use, with one customer noting it doesn't feel heavy or cause breakouts. While some customer…",https://yitigxyfibpqvhkrwuiz.supabase.co/storage/v1/object/public/product-images/155_B0CRCMCBTJ.png
156,The INKEY List Bio-Active Ceramide Moisturizer,The INKEY List,hydratant,oui,riche,17.6,4.6,1840,10757,"ceramides, peptides","fine_lines, flaking, redness, wrinkles","mixte, normale, seche, sensible",pm,daily,ok,ok,0,2,4,?,0.83,⚠️ prudence,👍 oui,👍 oui,👍 oui,👍 oui,"Customers find this moisturizer deeply hydrating and appreciate its plush, smooth texture that's not heavy or greasy. Moreover, they report noticeable improvements in fine lines and their skin glows more after use, while the product absorbs beautifully. Additionally, they consider it good value for …",https://yitigxyfibpqvhkrwuiz.supabase.co/storage/v1/object/public/product-images/156_B0CNTKZN7F.png
